code,rs_percentile_12m,rs_percentile_3m,rs_below_ma,rs_days_below_ma,rs_frac_below_ma
HK.00001,81.0,47,1,18,0.95
HK.00002,78.0,64,0,0,0.2
HK.00003,74.0,80,0,0,0.3
HK.00004,42.0,37,1,9,0.6
HK.00005,89.0,75,0,0,0.4
HK.00006,77.0,73,0,0,0.2
HK.00007,64.0,56,0,0,0.75
HK.00008,59.0,46,0,0,0.9
HK.00010,45.0,39,1,37,1.0
HK.00012,57.0,63,1,7,0.6
HK.00013,77.0,90,0,0,0.05
HK.00014,59.0,31,1,27,1.0
HK.00016,75.0,65,0,0,0.6
HK.00017,42.0,32,1,7,0.5
HK.00018,22.0,36,0,0,0.45
HK.00019,90.0,86,0,0,0.0
HK.00020,19.0,30,1,7,0.65
HK.00021,29.0,18,1,6,0.55
HK.00022,2.0,19,1,3,0.95
HK.00023,90.0,93,0,0,0.0
HK.00025,84.0,72,0,0,0.65
HK.00026,68.0,61,0,0,0.5
HK.00027,61.0,77,0,0,0.05
HK.00028,24.0,19,1,14,0.9
HK.00029,30.0,34,1,5,0.95
HK.00030,60.0,47,0,0,0.55
HK.00031,25.0,12,1,1,0.85
HK.00032,54.0,50,0,0,0.55
HK.00033,53.0,56,0,0,0.75
HK.00034,69.0,22,1,8,0.9
HK.00035,45.0,44,0,0,0.9
HK.00036,75.0,56,0,0,0.75
HK.00037,61.0,43,1,1,0.35
HK.00038,86.0,90,0,0,0.35
HK.00039,17.0,56,0,0,0.75
HK.00040,58.0,49,1,2,0.7
HK.00041,62.0,41,1,9,0.65
HK.00042,13.0,14,1,2,0.8
HK.00045,51.0,47,0,0,0.6
HK.00046,57.0,74,0,0,0.25
HK.00048,92.0,71,0,0,0.4
HK.00050,68.0,64,0,0,0.35
HK.00051,56.0,43,1,2,0.6
HK.00052,76.0,76,0,0,0.4
HK.00053,63.0,65,0,0,0.25
HK.00055,33.0,42,1,5,0.55
HK.00057,51.0,46,1,2,0.7
HK.00058,80.0,23,1,9,0.6
HK.00059,64.0,56,0,0,0.75
HK.00060,84.0,89,0,0,0.0
HK.00061,9.0,12,1,31,1.0
HK.00062,45.0,34,1,16,0.9
HK.00063,14.0,69,0,0,0.45
HK.00064,84.0,76,0,0,0.1
HK.00065,47.0,89,0,0,0.15
HK.00066,76.0,71,0,0,0.4
HK.00068,,86,0,0,0.55
HK.00069,52.0,53,0,0,0.65
HK.00070,84.0,96,0,0,0.2
HK.00071,62.0,52,0,0,0.4
HK.00072,28.0,9,1,9,0.55
HK.00073,67.0,60,0,0,0.85
HK.00075,46.0,43,1,13,0.7
HK.00076,53.0,91,0,0,0.25
HK.00077,84.0,78,0,0,0.15
HK.00078,38.0,67,0,0,0.25
HK.00079,63.0,31,1,1,0.25
HK.00081,81.0,90,0,0,0.0
HK.00082,40.0,25,1,42,1.0
HK.00083,61.0,50,0,0,0.6
HK.00084,71.0,66,0,0,0.45
HK.00085,9.0,6,1,49,1.0
HK.00086,71.0,64,0,0,0.4
HK.00087,86.0,80,0,0,0.0
HK.00088,55.0,44,1,2,0.85
HK.00089,44.0,49,1,2,0.8
HK.00090,40.0,43,0,0,0.8
HK.00092,61.0,84,0,0,0.35
HK.00093,25.0,31,1,14,0.9
HK.00094,39.0,26,1,29,1.0
HK.00095,38.0,75,0,0,0.5
HK.00096,47.0,59,0,0,0.35
HK.00097,23.0,30,1,5,0.8
HK.00098,29.0,13,1,14,0.8
HK.00099,58.0,58,0,0,0.65
HK.00100,,66,0,0,0.2
HK.00101,44.0,43,1,10,0.9
HK.00103,44.0,87,0,0,0.05
HK.00104,75.0,70,0,0,0.05
HK.00105,65.0,48,1,2,0.9
HK.00106,64.0,56,0,0,0.75
HK.00107,59.0,72,0,0,0.45
HK.00108,55.0,89,0,0,0.35
HK.00110,95.0,90,1,5,0.25
HK.00111,80.0,90,0,0,0.4
HK.00113,78.0,51,0,0,0.75
HK.00114,75.0,46,1,1,0.6
HK.00115,27.0,3,1,61,1.0
HK.00116,87.0,92,0,0,0.0
HK.00117,97.0,2,1,15,0.8
HK.00118,48.0,64,0,0,0.5
HK.00119,16.0,10,1,19,0.95
HK.00120,9.0,36,1,1,0.5
HK.00122,52.0,44,1,10,0.65
HK.00123,21.0,21,1,7,0.6
HK.00124,27.0,30,1,3,0.6
HK.00125,41.0,51,1,3,0.55
HK.00126,17.0,12,1,2,0.8
HK.00127,42.0,46,0,0,0.85
HK.00128,93.0,97,0,0,0.7
HK.00129,22.0,35,0,0,0.8
HK.00130,71.0,41,0,0,0.65
HK.00131,68.0,58,0,0,0.6
HK.00132,26.0,23,0,0,0.9
HK.00135,73.0,84,0,0,0.35
HK.00136,32.0,48,0,0,0.75
HK.00137,70.0,63,0,0,0.65
HK.00138,5.0,10,0,0,0.9
HK.00139,11.0,92,1,5,0.6
HK.00142,50.0,59,0,0,0.9
HK.00144,77.0,87,0,0,0.0
HK.00145,87.0,92,0,0,0.3
HK.00146,61.0,75,0,0,0.75
HK.00147,93.0,99,0,0,0.0
HK.00148,86.0,20,0,0,0.55
HK.00149,66.0,74,0,0,0.7
HK.00150,65.0,65,0,0,0.65
HK.00151,13.0,18,1,50,1.0
HK.00152,27.0,60,0,0,0.9
HK.00154,35.0,78,0,0,0.35
HK.00156,76.0,50,0,0,0.55
HK.00157,50.0,59,0,0,0.7
HK.00158,66.0,67,0,0,0.2
HK.00159,10.0,5,0,0,0.95
HK.00160,15.0,26,1,4,0.75
HK.00162,27.0,59,0,0,0.05
HK.00163,11.0,9,1,53,1.0
HK.00164,72.0,40,0,0,0.65
HK.00165,45.0,79,0,0,0.45
HK.00166,32.0,67,0,0,0.55
HK.00167,94.0,9,1,10,0.7
HK.00168,42.0,26,1,28,1.0
HK.00169,24.0,26,1,5,0.85
HK.00171,33.0,96,0,0,0.3
HK.00173,50.0,61,1,7,0.4
HK.00174,20.0,8,1,39,1.0
HK.00175,61.0,23,1,10,0.95
HK.00176,64.0,56,0,0,0.75
HK.00177,67.0,63,0,0,0.6
HK.00178,91.0,87,0,0,0.25
HK.00179,19.0,24,1,12,0.6
HK.00180,50.0,49,0,0,0.6
HK.00181,24.0,9,1,52,1.0
HK.00182,43.0,33,0,0,0.7
HK.00183,46.0,50,0,0,0.75
HK.00184,73.0,66,0,0,0.25
HK.00185,39.0,77,0,0,0.25
HK.00186,96.0,97,0,0,0.0
HK.00187,17.0,32,1,16,0.85
HK.00188,52.0,50,0,0,0.8
HK.00189,65.0,39,0,0,0.5
HK.00191,24.0,13,1,52,1.0
HK.00193,56.0,50,0,0,0.6
HK.00194,57.0,60,0,0,0.75
HK.00196,6.0,7,1,45,1.0
HK.00197,91.0,97,0,0,0.1
HK.00199,97.0,43,1,7,0.4
HK.00200,24.0,36,0,0,0.9
HK.00201,40.0,26,1,2,0.8
HK.00202,5.0,45,0,0,0.55
HK.00205,79.0,41,0,0,0.8
HK.00206,13.0,34,1,4,0.75
HK.00209,0.0,0,1,13,0.65
HK.00210,33.0,34,0,0,0.75
HK.00211,67.0,56,0,0,0.25
HK.00212,70.0,60,0,0,0.65
HK.00213,62.0,74,0,0,0.45
HK.00214,28.0,78,0,0,0.0
HK.00215,73.0,62,0,0,0.45
HK.00216,23.0,22,1,17,0.9
HK.00217,38.0,31,1,2,0.8
HK.00218,33.0,59,1,1,0.75
HK.00219,74.0,42,1,3,0.85
HK.00220,56.0,44,1,10,0.5
HK.00222,71.0,48,1,17,0.95
HK.00223,8.0,9,1,4,0.95
HK.00224,66.0,79,0,0,0.0
HK.00225,53.0,39,1,5,0.7
HK.00227,12.0,20,1,4,0.9
HK.00228,6.0,2,1,53,1.0
HK.00229,52.0,61,0,0,0.95
HK.00232,96.0,82,0,0,0.0
HK.00234,35.0,54,0,0,0.75
HK.00235,30.0,42,0,0,0.75
HK.00236,47.0,44,0,0,0.45
HK.00237,55.0,28,1,5,0.65
HK.00239,76.0,75,0,0,0.05
HK.00240,62.0,54,1,1,0.65
HK.00241,24.0,34,1,18,0.9
HK.00242,30.0,51,0,0,0.65
HK.00243,59.0,37,1,4,0.4
HK.00244,58.0,87,0,0,0.25
HK.00245,58.0,60,1,5,0.35
HK.00247,62.0,56,0,0,0.75
HK.00248,22.0,17,1,41,1.0
HK.00251,54.0,53,1,3,0.85
HK.00252,70.0,67,0,0,0.25
HK.00253,61.0,41,1,16,0.95
HK.00254,1.0,91,0,0,0.45
HK.00255,66.0,60,0,0,0.25
HK.00256,25.0,87,0,0,0.1
HK.00257,73.0,70,0,0,0.5
HK.00258,47.0,63,0,0,0.55
HK.00259,21.0,11,1,49,1.0
HK.00261,79.0,90,0,0,0.25
HK.00262,54.0,45,1,3,0.25
HK.00264,33.0,35,1,10,0.8
HK.00265,40.0,11,1,44,1.0
HK.00266,61.0,61,0,0,0.45
HK.00267,78.0,85,0,0,0.1
HK.00268,33.0,67,1,1,0.35
HK.00269,60.0,56,0,0,0.75
HK.00270,82.0,83,0,0,0.35
HK.00271,37.0,29,1,14,0.85
HK.00272,56.0,86,0,0,0.6
HK.00274,64.0,56,0,0,0.75
HK.00276,38.0,54,0,0,0.8
HK.00277,20.0,15,1,44,1.0
HK.00279,12.0,32,1,4,0.75
HK.00280,84.0,68,1,5,0.35
HK.00285,37.0,75,0,0,0.45
HK.00286,64.0,56,0,0,0.75
HK.00287,70.0,54,0,0,0.75
HK.00288,43.0,24,1,11,0.95
HK.00289,67.0,49,0,0,0.95
HK.00290,10.0,7,1,2,0.65
HK.00291,28.0,17,1,28,1.0
HK.00293,85.0,74,0,0,0.3
HK.00294,81.0,75,1,1,0.05
HK.00295,37.0,70,0,0,0.45
HK.00296,31.0,31,0,0,0.85
HK.00297,55.0,75,0,0,0.35
HK.00298,28.0,32,1,7,0.8
HK.00299,64.0,56,0,0,0.75
HK.00300,82.0,75,0,0,0.1
HK.00301,98.0,97,0,0,0.05
HK.00302,12.0,35,1,1,0.65
HK.00303,48.0,46,1,15,0.8
HK.00305,31.0,37,1,5,0.7
HK.00306,77.0,68,1,1,0.3
HK.00308,67.0,76,0,0,0.65
HK.00309,12.0,20,1,10,0.85
HK.00311,85.0,87,1,1,0.05
HK.00312,10.0,18,1,12,0.6
HK.00313,28.0,70,1,1,0.15
HK.00314,39.0,87,0,0,0.0
HK.00315,68.0,62,0,0,0.6
HK.00316,78.0,80,1,8,0.4
HK.00317,54.0,80,0,0,0.25
HK.00318,91.0,74,0,0,0.65
HK.00320,42.0,42,1,1,0.95
HK.00321,60.0,29,1,3,0.95
HK.00322,79.0,80,1,3,0.3
HK.00323,29.0,68,0,0,0.4
HK.00325,81.0,95,0,0,0.0
HK.00326,94.0,15,1,14,0.7
HK.00327,52.0,81,0,0,0.1
HK.00328,10.0,94,0,0,0.65
HK.00329,3.0,5,1,17,0.85
HK.00330,13.0,64,1,1,0.25
HK.00331,51.0,45,1,17,0.95
HK.00332,2.0,3,1,4,0.95
HK.00333,23.0,30,1,1,0.05
HK.00334,26.0,13,1,17,0.95
HK.00335,69.0,73,0,0,0.3
HK.00336,35.0,49,0,0,0.7
HK.00337,15.0,18,1,1,0.85
HK.00338,49.0,71,0,0,0.4
HK.00340,90.0,95,0,0,0.0
HK.00341,82.0,80,0,0,0.4
HK.00343,19.0,37,1,2,0.7
HK.00345,62.0,68,0,0,0.4
HK.00346,9.0,23,0,0,0.9
HK.00347,20.0,60,0,0,0.65
HK.00348,13.0,27,1,6,0.5
HK.00351,55.0,34,0,0,0.6
HK.00352,40.0,56,0,0,0.75
HK.00353,75.0,52,0,0,0.5
HK.00354,38.0,79,0,0,0.35
HK.00355,72.0,73,1,2,0.2
HK.00357,32.0,80,0,0,0.5
HK.00358,86.0,80,0,0,0.3
HK.00360,59.0,94,0,0,0.9
HK.00361,20.0,18,1,7,0.8
HK.00362,64.0,56,0,0,0.75
HK.00363,65.0,72,0,0,0.15
HK.00365,69.0,5,1,7,0.95
HK.00366,52.0,49,0,0,0.55
HK.00367,35.0,45,1,10,0.8
HK.00368,99.0,97,0,0,0.25
HK.00369,69.0,51,0,0,0.65
HK.00370,6.0,45,0,0,0.8
HK.00371,15.0,5,1,34,1.0
HK.00372,6.0,1,1,48,1.0
HK.00373,51.0,41,0,0,0.55
HK.00374,65.0,66,0,0,0.75
HK.00375,40.0,18,1,37,1.0
HK.00376,34.0,90,0,0,0.25
HK.00377,97.0,98,0,0,0.1
HK.00379,22.0,36,1,3,0.6
HK.00380,52.0,77,0,0,0.05
HK.00381,3.0,13,1,3,0.95
HK.00382,4.0,32,1,1,0.9
HK.00383,34.0,27,1,2,0.9
HK.00384,27.0,64,0,0,0.5
HK.00385,17.0,32,1,6,0.85
HK.00386,79.0,88,0,0,0.2
HK.00387,50.0,11,1,7,0.95
HK.00388,68.0,65,1,3,0.2
HK.00389,88.0,96,1,2,0.1
HK.00390,45.0,46,1,5,0.8
HK.00391,97.0,98,0,0,0.0
HK.00392,66.0,76,0,0,0.5
HK.00393,68.0,60,0,0,0.45
HK.00396,94.0,77,1,3,0.15
HK.00397,32.0,53,1,1,0.55
HK.00398,68.0,61,0,0,0.3
HK.00399,14.0,56,0,0,0.75
HK.00400,91.0,86,0,0,0.45
HK.00401,60.0,26,1,7,0.4
HK.00403,76.0,83,0,0,0.1
HK.00406,20.0,33,1,9,0.65
HK.00408,89.0,83,0,0,0.1
HK.00410,14.0,21,1,75,1.0
HK.00411,54.0,40,0,0,0.65
HK.00412,3.0,92,0,0,0.25
HK.00413,28.0,39,0,0,0.6
HK.00417,28.0,42,1,1,0.45
HK.00418,30.0,23,0,0,0.95
HK.00419,82.0,33,1,9,0.45
HK.00420,75.0,43,1,10,0.6
HK.00422,45.0,67,0,0,0.55
HK.00423,48.0,50,1,10,0.75
HK.00425,23.0,15,1,9,0.7
HK.00426,87.0,43,0,0,0.8
HK.00430,39.0,45,1,2,0.8
HK.00432,47.0,24,1,11,0.75
HK.00433,16.0,4,1,7,0.65
HK.00434,54.0,95,0,0,0.05
HK.00436,30.0,24,1,2,0.7
HK.00438,12.0,20,1,5,0.75
HK.00439,10.0,20,1,6,0.45
HK.00440,85.0,78,0,0,0.45
HK.00442,17.0,37,0,0,0.55
HK.00444,64.0,56,0,0,0.75
HK.00450,36.0,27,1,13,0.75
HK.00451,11.0,3,1,41,1.0
HK.00455,51.0,72,1,5,0.3
HK.00456,39.0,17,1,2,0.7
HK.00458,50.0,23,1,31,1.0
HK.00460,16.0,21,1,13,0.95
HK.00464,66.0,59,1,30,1.0
HK.00465,98.0,85,0,0,0.0
HK.00467,37.0,86,0,0,0.2
HK.00468,64.0,56,0,0,0.75
HK.00470,,14,1,6,0.65
HK.00471,2.0,9,1,1,0.75
HK.00472,40.0,17,1,1,0.05
HK.00474,97.0,95,0,0,0.1
HK.00475,7.0,1,1,45,1.0
HK.00476,70.0,95,0,0,0.0
HK.00480,52.0,34,1,4,0.95
HK.00482,9.0,8,1,30,1.0
HK.00483,16.0,24,1,1,0.25
HK.00484,43.0,54,1,4,0.55
HK.00485,54.0,43,1,2,0.55
HK.00486,19.0,30,1,1,0.85
HK.00487,18.0,52,1,17,0.9
HK.00488,74.0,44,0,0,0.85
HK.00491,37.0,62,0,0,0.45
HK.00493,15.0,42,0,0,0.7
HK.00496,4.0,32,0,0,0.7
HK.00497,33.0,15,1,50,1.0
HK.00498,15.0,56,0,0,0.75
HK.00499,89.0,73,0,0,0.3
HK.00500,55.0,66,0,0,0.3
HK.00505,74.0,81,0,0,0.55
HK.00506,77.0,89,0,0,0.35
HK.00508,24.0,16,1,52,1.0
HK.00509,64.0,56,0,0,0.75
HK.00510,71.0,19,1,30,1.0
HK.00511,31.0,28,1,16,0.8
HK.00512,28.0,39,1,10,0.65
HK.00513,53.0,88,0,0,0.35
HK.00515,55.0,56,0,0,0.75
HK.00517,79.0,90,0,0,0.05
HK.00518,22.0,11,1,49,1.0
HK.00519,45.0,27,1,3,0.85
HK.00520,5.0,54,1,7,0.45
HK.00521,21.0,27,0,0,0.9
HK.00522,91.0,27,1,1,0.7
HK.00524,98.0,50,0,0,0.5
HK.00525,81.0,80,0,0,0.35
HK.00526,78.0,34,1,1,0.65
HK.00527,87.0,90,0,0,0.0
HK.00528,78.0,76,0,0,0.75
HK.00529,35.0,31,1,2,0.55
HK.00532,58.0,61,0,0,0.8
HK.00533,49.0,41,1,44,1.0
HK.00535,11.0,50,0,0,0.45
HK.00536,76.0,63,0,0,0.45
HK.00538,62.0,49,0,0,0.9
HK.00540,85.0,77,0,0,0.4
HK.00542,87.0,89,0,0,0.1
HK.00543,38.0,16,1,3,0.7
HK.00544,6.0,6,1,2,0.85
HK.00546,16.0,32,1,7,0.85
HK.00547,23.0,14,1,17,0.85
HK.00548,66.0,71,0,0,0.6
HK.00550,97.0,13,1,32,1.0
HK.00551,57.0,61,0,0,0.7
HK.00552,57.0,49,0,0,0.9
HK.00553,18.0,31,1,5,0.9
HK.00554,47.0,63,0,0,0.7
HK.00556,80.0,41,1,8,0.6
HK.00557,21.0,16,1,46,1.0
HK.00558,3.0,11,1,15,0.9
HK.00559,43.0,56,0,0,0.75
HK.00560,34.0,33,1,3,0.9
HK.00563,25.0,33,0,0,0.75
HK.00564,30.0,26,1,21,1.0
HK.00565,96.0,96,0,0,0.1
HK.00567,95.0,61,0,0,0.65
HK.00568,66.0,66,0,0,0.9
HK.00570,19.0,28,1,37,1.0
HK.00571,55.0,72,0,0,0.6
HK.00572,38.0,42,1,7,0.4
HK.00573,44.0,51,0,0,0.65
HK.00574,2.0,21,1,2,0.95
HK.00575,80.0,47,1,19,0.95
HK.00576,49.0,42,1,7,0.75
HK.00579,32.0,27,1,46,1.0
HK.00580,8.0,3,1,15,0.9
HK.00581,46.0,65,0,0,0.4
HK.00582,48.0,94,1,3,0.3
HK.00583,37.0,16,1,16,0.8
HK.00585,97.0,40,1,5,0.4
HK.00586,19.0,10,1,45,1.0
HK.00587,9.0,41,0,0,0.7
HK.00588,42.0,62,0,0,0.2
HK.00590,66.0,40,1,7,0.7
HK.00591,40.0,47,0,0,0.7
HK.00595,96.0,67,1,3,0.15
HK.00596,5.0,18,1,15,0.9
HK.00598,70.0,81,0,0,0.2
HK.00599,28.0,26,1,3,0.7
HK.00600,,82,1,1,0.1
HK.00601,60.0,48,1,1,0.75
HK.00602,66.0,76,0,0,0.7
HK.00603,16.0,50,0,0,0.75
HK.00604,31.0,37,1,7,0.4
HK.00605,50.0,72,0,0,0.35
HK.00606,37.0,44,0,0,0.7
HK.00607,15.0,1,1,57,1.0
HK.00608,27.0,16,1,9,0.9
HK.00609,31.0,53,1,1,0.8
HK.00610,72.0,63,0,0,0.55
HK.00611,45.0,27,1,31,1.0
HK.00613,96.0,90,1,10,0.5
HK.00616,14.0,32,0,0,0.65
HK.00617,42.0,84,0,0,0.15
HK.00618,89.0,42,1,5,0.8
HK.00619,41.0,36,1,2,0.75
HK.00620,13.0,5,1,22,1.0
HK.00621,38.0,30,0,0,0.35
HK.00622,96.0,89,0,0,0.15
HK.00623,76.0,78,0,0,0.0
HK.00626,79.0,85,0,0,0.05
HK.00627,25.0,16,0,0,0.65
HK.00628,84.0,69,0,0,0.35
HK.00629,48.0,66,1,2,0.3
HK.00630,4.0,39,1,1,0.45
HK.00631,85.0,95,0,0,0.15
HK.00632,7.0,19,0,0,0.95
HK.00635,73.0,81,0,0,0.35
HK.00636,39.0,47,1,4,0.65
HK.00637,53.0,40,0,0,0.75
HK.00639,76.0,91,0,0,0.0
HK.00640,56.0,38,0,0,0.95
HK.00641,78.0,47,1,1,0.7
HK.00643,14.0,15,1,11,0.6
HK.00645,75.0,32,1,5,0.55
HK.00646,96.0,99,0,0,0.65
HK.00648,0.0,2,1,48,1.0
HK.00650,15.0,2,1,76,1.0
HK.00653,92.0,98,0,0,0.15
HK.00655,83.0,35,1,4,0.7
HK.00656,82.0,87,0,0,0.0
HK.00657,34.0,27,0,0,0.65
HK.00658,7.0,7,1,15,0.9
HK.00659,73.0,68,0,0,0.4
HK.00660,91.0,14,0,0,0.7
HK.00661,94.0,97,0,0,0.0
HK.00662,70.0,58,1,2,0.5
HK.00664,,7,1,63,1.0
HK.00666,21.0,11,1,17,0.9
HK.00667,25.0,37,0,0,0.8
HK.00669,85.0,54,1,10,0.55
HK.00670,21.0,13,1,23,1.0
HK.00672,18.0,19,1,14,0.7
HK.00673,6.0,10,1,17,0.95
HK.00674,8.0,14,0,0,0.9
HK.00675,58.0,52,1,1,0.8
HK.00676,66.0,60,0,0,0.75
HK.00677,83.0,90,0,0,0.45
HK.00679,97.0,26,0,0,0.55
HK.00681,33.0,28,1,1,0.8
HK.00682,40.0,27,1,13,0.9
HK.00683,51.0,48,1,7,0.75
HK.00684,21.0,23,1,4,0.65
HK.00685,57.0,63,0,0,0.5
HK.00686,14.0,14,1,30,1.0
HK.00687,85.0,85,0,0,0.25
HK.00688,52.0,42,1,7,0.4
HK.00689,24.0,6,1,10,0.95
HK.00690,12.0,16,0,0,0.95
HK.00691,5.0,43,1,2,0.25
HK.00693,56.0,40,0,0,0.9
HK.00694,17.0,32,1,9,0.85
HK.00695,83.0,45,1,15,0.8
HK.00696,51.0,70,0,0,0.4
HK.00697,24.0,11,1,15,0.9
HK.00698,23.0,87,0,0,0.05
HK.00700,38.0,30,1,21,1.0
HK.00701,9.0,19,1,38,1.0
HK.00702,64.0,56,0,0,0.75
HK.00703,37.0,59,0,0,0.7
HK.00704,54.0,56,0,0,0.75
HK.00707,64.0,56,0,0,0.75
HK.00708,64.0,56,0,0,0.75
HK.00709,58.0,48,0,0,0.65
HK.00710,44.0,60,0,0,0.5
HK.00711,69.0,53,0,0,0.6
HK.00712,12.0,19,1,10,0.85
HK.00713,26.0,18,1,17,0.95
HK.00716,22.0,39,1,3,0.8
HK.00717,33.0,59,0,0,0.4
HK.00718,51.0,73,0,0,0.75
HK.00719,47.0,40,1,23,1.0
HK.00720,86.0,71,0,0,0.35
HK.00722,47.0,29,1,5,0.45
HK.00723,77.0,92,0,0,0.0
HK.00725,77.0,38,0,0,0.75
HK.00726,25.0,12,1,6,0.6
HK.00727,6.0,4,1,6,0.9
HK.00728,48.0,70,1,2,0.2
HK.00730,60.0,36,0,0,0.7
HK.00731,83.0,41,1,13,0.7
HK.00732,35.0,36,0,0,0.75
HK.00733,18.0,21,1,13,0.7
HK.00736,5.0,66,0,0,0.4
HK.00737,74.0,76,0,0,0.0
HK.00738,88.0,87,0,0,0.0
HK.00743,31.0,8,1,1,0.75
HK.00745,98.0,35,1,15,0.9
HK.00746,48.0,40,1,18,0.9
HK.00747,67.0,91,0,0,0.5
HK.00750,26.0,20,1,22,1.0
HK.00751,42.0,16,1,17,0.9
HK.00752,48.0,42,1,15,0.85
HK.00753,21.0,21,1,23,1.0
HK.00754,44.0,56,0,0,0.75
HK.00755,20.0,34,1,1,0.5
HK.00756,94.0,98,0,0,0.2
HK.00757,26.0,37,1,4,0.7
HK.00759,48.0,32,1,39,1.0
HK.00760,13.0,12,1,3,0.95
HK.00762,18.0,17,1,30,1.0
HK.00763,31.0,30,1,16,0.8
HK.00764,4.0,26,0,0,0.95
HK.00765,9.0,50,0,0,0.5
HK.00767,67.0,84,0,0,0.3
HK.00769,64.0,56,0,0,0.75
HK.00771,61.0,69,0,0,0.45
HK.00772,19.0,53,0,0,0.45
HK.00775,18.0,30,1,3,0.55
HK.00776,1.0,4,1,4,0.9
HK.00777,51.0,73,0,0,0.5
HK.00780,13.0,14,1,21,1.0
HK.00784,98.0,52,0,0,0.45
HK.00788,43.0,47,0,0,0.9
HK.00789,3.0,1,1,32,1.0
HK.00794,92.0,94,0,0,0.05
HK.00797,92.0,90,0,0,0.5
HK.00798,11.0,10,1,10,0.6
HK.00799,69.0,33,1,1,0.85
HK.00800,,50,0,0,0.55
HK.00804,98.0,99,0,0,0.0
HK.00805,98.0,95,1,3,0.15
HK.00806,44.0,40,0,0,0.85
HK.00807,44.0,37,1,17,0.9
HK.00809,7.0,36,0,0,0.55
HK.00811,30.0,15,1,26,1.0
HK.00813,1.0,1,1,8,0.85
HK.00814,59.0,69,0,0,0.4
HK.00815,9.0,18,1,7,0.8
HK.00816,47.0,61,1,3,0.4
HK.00817,47.0,38,1,7,0.35
HK.00818,19.0,28,1,1,0.7
HK.00819,11.0,7,1,28,1.0
HK.00821,89.0,97,0,0,0.25
HK.00822,37.0,11,1,46,1.0
HK.00825,45.0,46,0,0,0.8
HK.00826,68.0,63,0,0,0.55
HK.00827,85.0,81,1,3,0.25
HK.00828,18.0,33,1,7,0.7
HK.00829,74.0,96,0,0,0.45
HK.00830,30.0,86,0,0,0.1
HK.00831,84.0,79,0,0,0.1
HK.00832,8.0,62,0,0,0.45
HK.00833,42.0,2,1,24,1.0
HK.00834,34.0,26,1,18,0.95
HK.00836,67.0,63,0,0,0.55
HK.00837,42.0,39,1,20,1.0
HK.00838,31.0,18,1,49,1.0
HK.00839,26.0,65,0,0,0.5
HK.00840,24.0,20,1,2,0.65
HK.00841,60.0,70,1,2,0.35
HK.00842,28.0,23,1,3,0.6
HK.00844,54.0,59,0,0,0.45
HK.00845,64.0,56,0,0,0.75
HK.00846,33.0,49,0,0,0.8
HK.00848,34.0,15,1,3,0.35
HK.00851,39.0,65,0,0,0.8
HK.00852,64.0,56,0,0,0.75
HK.00853,14.0,18,1,16,0.8
HK.00854,36.0,28,1,1,0.35
HK.00855,40.0,46,1,15,0.8
HK.00856,74.0,43,0,0,0.45
HK.00857,80.0,80,0,0,0.2
HK.00858,56.0,71,1,1,0.2
HK.00859,71.0,83,1,2,0.2
HK.00860,35.0,77,0,0,0.35
HK.00861,20.0,33,0,0,0.85
HK.00862,94.0,58,1,6,0.75
HK.00863,31.0,27,1,12,0.7
HK.00864,53.0,9,1,16,0.95
HK.00865,82.0,72,0,0,0.25
HK.00866,50.0,94,0,0,0.0
HK.00867,56.0,40,1,22,1.0
HK.00868,67.0,62,0,0,0.55
HK.00869,57.0,62,0,0,0.45
HK.00871,19.0,22,0,0,0.95
HK.00873,6.0,4,1,23,1.0
HK.00874,39.0,28,1,34,1.0
HK.00875,11.0,66,0,0,0.75
HK.00876,18.0,17,1,3,0.55
HK.00878,54.0,38,1,3,0.85
HK.00880,11.0,36,0,0,0.9
HK.00881,2.0,3,1,13,0.85
HK.00882,49.0,64,0,0,0.65
HK.00883,77.0,82,0,0,0.0
HK.00884,2.0,29,0,0,0.65
HK.00887,77.0,86,0,0,0.05
HK.00888,9.0,38,1,2,0.8
HK.00889,43.0,8,1,14,0.8
HK.00893,45.0,53,1,3,0.2
HK.00894,93.0,2,1,46,1.0
HK.00895,26.0,36,1,3,0.7
HK.00896,60.0,30,1,10,0.75
HK.00897,46.0,73,0,0,0.55
HK.00898,55.0,43,1,4,0.9
HK.00899,48.0,25,0,0,0.95
HK.00900,84.0,75,0,0,0.05
HK.00901,,88,1,2,0.2
HK.00902,57.0,43,0,0,0.85
HK.00907,50.0,56,0,0,0.75
HK.00909,4.0,9,1,38,1.0
HK.00910,92.0,97,0,0,0.65
HK.00911,85.0,5,1,38,1.0
HK.00912,68.0,64,0,0,0.5
HK.00914,34.0,40,1,7,0.9
HK.00915,31.0,70,0,0,0.75
HK.00916,31.0,43,0,0,0.75
HK.00917,5.0,53,1,1,0.45
HK.00918,96.0,93,1,12,0.75
HK.00919,49.0,35,0,0,0.9
HK.00921,58.0,45,0,0,0.7
HK.00922,37.0,50,0,0,0.65
HK.00923,49.0,32,0,0,0.8
HK.00924,74.0,79,0,0,0.2
HK.00926,52.0,46,1,3,0.6
HK.00927,25.0,36,0,0,0.95
HK.00928,93.0,98,0,0,0.0
HK.00929,37.0,33,1,7,0.8
HK.00931,40.0,68,0,0,0.25
HK.00932,48.0,69,0,0,0.25
HK.00933,13.0,66,0,0,0.5
HK.00934,62.0,73,0,0,0.4
HK.00936,89.0,80,0,0,0.1
HK.00938,40.0,51,0,0,0.55
HK.00939,83.0,84,0,0,0.05
HK.00941,65.0,60,0,0,0.55
HK.00943,19.0,21,1,3,0.25
HK.00945,85.0,71,0,0,0.5
HK.00947,59.0,53,0,0,0.4
HK.00948,53.0,79,1,1,0.15
HK.00950,49.0,82,0,0,0.2
HK.00951,30.0,12,1,15,0.95
HK.00952,30.0,65,0,0,0.4
HK.00953,17.0,47,1,13,0.65
HK.00954,18.0,12,1,51,1.0
HK.00956,50.0,76,0,0,0.35
HK.00959,64.0,56,0,0,0.75
HK.00960,16.0,31,1,7,0.7
HK.00966,81.0,78,0,0,0.55
HK.00968,23.0,33,1,7,0.5
HK.00969,8.0,8,1,8,0.45
HK.00970,23.0,82,0,0,0.65
HK.00974,28.0,20,1,5,0.85
HK.00975,79.0,93,0,0,0.0
HK.00976,64.0,56,0,0,0.75
HK.00978,40.0,41,1,1,0.75
HK.00979,90.0,95,0,0,0.75
HK.00980,74.0,88,0,0,0.2
HK.00981,56.0,25,1,6,0.6
HK.00983,91.0,97,0,0,0.05
HK.00984,32.0,88,0,0,0.2
HK.00986,5.0,22,1,17,0.95
HK.00987,90.0,65,0,0,0.6
HK.00989,22.0,17,1,3,0.35
HK.00990,27.0,67,0,0,0.35
HK.00991,78.0,79,0,0,0.55
HK.00992,96.0,86,0,0,0.0
HK.00993,21.0,22,1,32,1.0
HK.00994,33.0,10,1,51,1.0
HK.00995,79.0,74,0,0,0.35
HK.00997,51.0,95,0,0,0.4
HK.00998,80.0,86,0,0,0.05
HK.00999,70.0,83,0,0,0.3
HK.01000,13.0,5,1,10,0.55
HK.01001,50.0,34,1,1,0.55
HK.01002,33.0,39,1,1,0.25
HK.01003,26.0,52,1,13,0.65
HK.01004,5.0,59,0,0,0.25
HK.01005,44.0,39,1,10,0.65
HK.01007,64.0,56,0,0,0.75
HK.01008,36.0,21,1,43,1.0
HK.01009,84.0,72,0,0,0.35
HK.01010,2.0,12,0,0,0.9
HK.01011,14.0,58,0,0,0.4
HK.01013,83.0,50,0,0,0.5
HK.01020,90.0,91,0,0,0.4
HK.01021,,9,0,0,0.9
HK.01022,11.0,13,1,19,0.95
HK.01023,59.0,63,0,0,0.55
HK.01024,8.0,4,1,24,1.0
HK.01025,30.0,38,0,0,0.4
HK.01026,8.0,41,0,0,0.7
HK.01027,83.0,7,1,18,0.9
HK.01028,94.0,87,1,1,0.15
HK.01029,24.0,22,1,2,0.55
HK.01030,21.0,66,0,0,0.55
HK.01033,46.0,78,0,0,0.1
HK.01036,80.0,84,0,0,0.0
HK.01037,89.0,89,0,0,0.0
HK.01038,81.0,79,0,0,0.05
HK.01039,53.0,61,0,0,0.35
HK.01044,43.0,32,1,16,0.85
HK.01045,41.0,25,0,0,0.75
HK.01046,96.0,98,0,0,0.0
HK.01047,69.0,24,1,21,1.0
HK.01049,30.0,13,1,2,0.9
HK.01050,59.0,29,0,0,0.55
HK.01051,43.0,52,1,3,0.75
HK.01052,39.0,40,1,13,0.95
HK.01053,34.0,59,0,0,0.65
HK.01055,21.0,19,1,31,1.0
HK.01057,39.0,69,0,0,0.2
HK.01058,65.0,28,1,2,0.15
HK.01059,58.0,80,1,6,0.3
HK.01060,19.0,41,0,0,0.7
HK.01061,11.0,13,1,37,1.0
HK.01063,19.0,86,0,0,0.3
HK.01064,8.0,5,1,10,0.6
HK.01065,53.0,60,0,0,0.6
HK.01066,22.0,39,1,10,0.55
HK.01068,14.0,26,1,3,0.7
HK.01069,14.0,15,1,4,0.55
HK.01070,90.0,79,0,0,0.35
HK.01071,51.0,54,0,0,0.75
HK.01072,29.0,12,1,15,0.75
HK.01073,43.0,43,1,2,0.7
HK.01075,19.0,52,0,0,0.65
HK.01079,21.0,40,1,8,0.55
HK.01080,18.0,59,0,0,0.45
HK.01081,,1,1,48,1.0
HK.01082,13.0,10,1,39,1.0
HK.01083,43.0,49,0,0,0.85
HK.01084,70.0,48,1,3,0.5
HK.01085,71.0,49,0,0,0.85
HK.01086,76.0,92,0,0,0.25
HK.01087,90.0,45,1,3,0.8
HK.01088,78.0,73,0,0,0.15
HK.01090,35.0,30,0,0,0.7
HK.01091,36.0,22,1,20,1.0
HK.01093,83.0,88,0,0,0.0
HK.01094,67.0,88,1,3,0.25
HK.01097,56.0,42,1,2,0.65
HK.01098,32.0,58,0,0,0.0
HK.01099,48.0,39,1,36,1.0
HK.01100,50.0,20,1,45,1.0
HK.01101,64.0,56,0,0,0.75
HK.01102,95.0,72,1,10,0.85
HK.01104,86.0,94,0,0,0.0
HK.01105,49.0,69,0,0,0.55
HK.01107,27.0,56,0,0,0.75
HK.01108,12.0,24,1,19,0.95
HK.01109,59.0,28,1,9,0.45
HK.01110,41.0,36,1,14,0.7
HK.01111,53.0,72,0,0,0.25
HK.01112,90.0,94,0,0,0.15
HK.01113,78.0,64,0,0,0.7
HK.01114,21.0,75,0,0,0.0
HK.01115,27.0,17,1,5,0.95
HK.01116,36.0,40,1,18,0.9
HK.01117,88.0,95,0,0,0.1
HK.01118,77.0,74,0,0,0.7
HK.01119,59.0,97,0,0,0.05
HK.01120,18.0,16,1,38,1.0
HK.01121,1.0,4,1,108,1.0
HK.01122,8.0,6,1,91,1.0
HK.01123,82.0,93,0,0,0.0
HK.01124,12.0,22,1,13,0.8
HK.01125,18.0,24,1,63,1.0
HK.01126,29.0,38,1,3,0.55
HK.01127,59.0,53,0,0,0.7
HK.01128,59.0,71,0,0,0.35
HK.01129,8.0,43,0,0,0.75
HK.01130,55.0,22,1,17,0.95
HK.01132,89.0,92,1,5,0.3
HK.01133,75.0,22,1,6,0.65
HK.01134,43.0,11,0,0,0.95
HK.01137,38.0,47,0,0,0.9
HK.01138,92.0,95,0,0,0.1
HK.01141,7.0,0,1,34,1.0
HK.01142,5.0,64,0,0,0.15
HK.01145,52.0,72,1,2,0.55
HK.01146,88.0,62,0,0,0.35
HK.01147,29.0,8,1,42,1.0
HK.01148,36.0,22,1,16,0.85
HK.01150,15.0,71,1,1,0.65
HK.01152,15.0,20,0,0,0.85
HK.01153,62.0,60,1,14,0.7
HK.01156,93.0,83,0,0,0.55
HK.01157,31.0,11,1,29,1.0
HK.01159,66.0,38,1,3,0.75
HK.01161,87.0,47,1,7,0.5
HK.01162,86.0,95,0,0,0.1
HK.01163,57.0,18,1,6,0.95
HK.01164,29.0,24,1,7,0.35
HK.01165,66.0,56,0,0,0.75
HK.01166,7.0,25,1,10,0.5
HK.01167,75.0,93,0,0,0.0
HK.01168,83.0,89,1,5,0.25
HK.01170,40.0,44,0,0,0.75
HK.01171,80.0,81,0,0,0.0
HK.01172,34.0,37,0,0,0.7
HK.01173,41.0,35,1,10,0.8
HK.01176,12.0,87,1,1,0.4
HK.01177,72.0,89,0,0,0.3
HK.01179,69.0,76,1,3,0.35
HK.01180,88.0,79,0,0,0.7
HK.01181,10.0,47,0,0,0.75
HK.01182,73.0,54,0,0,0.7
HK.01183,35.0,35,1,17,0.9
HK.01184,93.0,92,0,0,0.0
HK.01186,46.0,45,1,32,1.0
HK.01187,,67,1,5,0.8
HK.01188,64.0,56,0,0,0.75
HK.01193,52.0,81,0,0,0.4
HK.01195,53.0,95,0,0,0.25
HK.01196,49.0,95,0,0,0.3
HK.01198,17.0,83,1,8,0.4
HK.01199,73.0,85,0,0,0.15
HK.01200,36.0,17,1,9,0.8
HK.01201,93.0,28,1,3,0.8
HK.01202,85.0,51,1,5,0.35
HK.01203,41.0,46,0,0,0.85
HK.01204,79.0,68,0,0,0.0
HK.01205,74.0,66,0,0,0.0
HK.01206,13.0,25,1,43,1.0
HK.01208,88.0,86,0,0,0.05
HK.01209,65.0,68,0,0,0.3
HK.01211,43.0,34,1,7,0.65
HK.01213,58.0,41,0,0,0.55
HK.01215,39.0,43,0,0,0.7
HK.01216,45.0,59,0,0,0.4
HK.01218,55.0,80,0,0,0.4
HK.01220,64.0,56,0,0,0.75
HK.01221,62.0,53,1,3,0.45
HK.01222,68.0,71,0,0,0.6
HK.01223,63.0,68,1,5,0.35
HK.01224,60.0,41,1,2,0.85
HK.01225,66.0,40,0,0,0.6
HK.01228,37.0,18,1,15,0.8
HK.01229,31.0,54,0,0,0.1
HK.01231,78.0,74,0,0,0.65
HK.01232,35.0,60,1,4,0.4
HK.01233,34.0,96,0,0,0.45
HK.01234,44.0,17,1,45,1.0
HK.01235,78.0,62,0,0,0.2
HK.01236,,7,1,8,0.6
HK.01237,67.0,85,0,0,0.2
HK.01238,12.0,8,1,6,0.9
HK.01239,20.0,4,1,4,0.2
HK.01240,61.0,76,0,0,0.0
HK.01241,61.0,90,0,0,0.1
HK.01243,46.0,43,1,3,0.85
HK.01244,10.0,72,1,3,0.5
HK.01245,83.0,83,0,0,0.15
HK.01247,5.0,23,1,55,1.0
HK.01250,11.0,16,1,7,0.6
HK.01251,17.0,5,1,3,0.9
HK.01252,39.0,56,0,0,0.75
HK.01253,14.0,61,1,4,0.5
HK.01255,97.0,7,1,18,0.9
HK.01257,47.0,52,0,0,0.4
HK.01258,90.0,92,0,0,0.25
HK.01259,62.0,53,0,0,0.4
HK.01260,35.0,31,1,51,1.0
HK.01262,88.0,69,1,3,0.3
HK.01265,32.0,63,0,0,0.3
HK.01268,1.0,7,1,9,0.95
HK.01269,60.0,83,1,6,0.35
HK.01270,49.0,33,1,17,0.95
HK.01271,3.0,10,1,2,0.1
HK.01272,65.0,69,0,0,0.25
HK.01273,88.0,79,0,0,0.3
HK.01274,2.0,2,1,47,1.0
HK.01276,22.0,8,1,41,1.0
HK.01277,86.0,84,0,0,0.05
HK.01278,39.0,69,1,1,0.3
HK.01280,85.0,98,0,0,0.45
HK.01281,46.0,18,1,11,0.9
HK.01282,23.0,71,1,1,0.4
HK.01283,81.0,88,0,0,0.45
HK.01284,88.0,82,0,0,0.25
HK.01285,92.0,96,0,0,0.05
HK.01286,87.0,35,1,1,0.2
HK.01288,80.0,81,0,0,0.2
HK.01289,42.0,34,1,5,0.7
HK.01290,71.0,70,0,0,0.55
HK.01292,11.0,38,1,3,0.5
HK.01293,64.0,56,0,0,0.75
HK.01298,78.0,70,0,0,0.45
HK.01299,70.0,74,0,0,0.5
HK.01300,97.0,39,0,0,0.25
HK.01301,18.0,15,1,1,0.9
HK.01302,28.0,28,1,20,1.0
HK.01303,24.0,19,1,40,1.0
HK.01304,41.0,42,1,1,0.35
HK.01305,73.0,48,0,0,0.8
HK.01308,91.0,93,0,0,0.0
HK.01310,47.0,22,1,6,0.9
HK.01312,81.0,88,0,0,0.3
HK.01313,17.0,34,1,11,0.95
HK.01314,76.0,63,1,3,0.6
HK.01315,26.0,53,0,0,0.6
HK.01316,45.0,84,1,3,0.15
HK.01317,12.0,33,1,7,0.9
HK.01318,16.0,26,1,8,0.9
HK.01319,76.0,72,0,0,0.4
HK.01321,36.0,9,1,16,0.8
HK.01323,89.0,48,1,3,0.8
HK.01326,51.0,56,0,0,0.75
HK.01327,96.0,95,0,0,0.0
HK.01328,25.0,15,1,32,1.0
HK.01330,80.0,84,0,0,0.6
HK.01332,86.0,82,0,0,0.2
HK.01333,6.0,28,0,0,0.45
HK.01334,57.0,29,1,10,0.8
HK.01335,43.0,68,0,0,0.65
HK.01336,72.0,69,0,0,0.5
HK.01338,36.0,62,1,1,0.6
HK.01339,69.0,87,0,0,0.4
HK.01340,76.0,20,1,4,0.9
HK.01341,1.0,32,1,2,0.85
HK.01343,80.0,64,0,0,0.25
HK.01345,71.0,44,1,2,0.6
HK.01346,59.0,62,0,0,0.5
HK.01347,85.0,4,1,18,0.95
HK.01348,75.0,2,1,41,1.0
HK.01349,51.0,69,0,0,0.3
HK.01351,4.0,2,1,14,0.75
HK.01354,74.0,96,0,0,0.0
HK.01355,69.0,27,1,8,0.5
HK.01357,26.0,73,0,0,0.4
HK.01358,26.0,25,0,0,0.75
HK.01359,26.0,39,1,2,0.95
HK.01361,47.0,67,0,0,0.25
HK.01362,88.0,35,1,16,0.85
HK.01364,74.0,85,0,0,0.0
HK.01368,20.0,47,0,0,0.55
HK.01370,57.0,97,0,0,0.2
HK.01371,8.0,86,0,0,0.6
HK.01372,84.0,92,1,1,0.1
HK.01373,44.0,64,0,0,0.75
HK.01375,42.0,61,0,0,0.3
HK.01376,22.0,56,0,0,0.75
HK.01378,35.0,54,0,0,0.6
HK.01379,7.0,32,0,0,0.9
HK.01380,81.0,3,1,16,0.85
HK.01382,29.0,47,0,0,0.7
HK.01384,,26,1,2,0.6
HK.01385,24.0,24,1,1,0.45
HK.01388,23.0,46,0,0,0.6
HK.01389,83.0,33,1,2,0.75
HK.01393,4.0,2,1,1,0.85
HK.01395,48.0,75,0,0,0.3
HK.01396,92.0,77,0,0,0.4
HK.01397,18.0,7,1,16,0.8
HK.01398,82.0,77,0,0,0.05
HK.01399,90.0,54,0,0,0.6
HK.01400,83.0,93,0,0,0.0
HK.01401,4.0,27,1,3,0.55
HK.01402,91.0,95,0,0,0.1
HK.01405,8.0,13,1,16,0.95
HK.01406,64.0,56,0,0,0.75
HK.01407,82.0,88,0,0,0.3
HK.01408,87.0,74,0,0,0.25
HK.01410,92.0,74,0,0,0.4
HK.01412,41.0,47,1,6,0.9
HK.01413,39.0,92,0,0,0.25
HK.01415,37.0,51,0,0,0.15
HK.01416,69.0,48,1,1,0.55
HK.01417,99.0,93,1,6,0.4
HK.01418,11.0,7,1,6,0.8
HK.01419,44.0,61,0,0,0.45
HK.01420,88.0,95,0,0,0.0
HK.01421,85.0,47,1,3,0.3
HK.01425,67.0,64,0,0,0.55
HK.01427,38.0,19,0,0,0.9
HK.01428,43.0,51,1,1,0.15
HK.01429,94.0,92,0,0,0.2
HK.01431,78.0,89,0,0,0.1
HK.01432,71.0,61,1,1,0.65
HK.01433,46.0,56,0,0,0.75
HK.01440,37.0,3,1,7,0.65
HK.01442,38.0,33,0,0,0.8
HK.01443,81.0,96,0,0,0.25
HK.01446,35.0,20,1,22,1.0
HK.01447,68.0,24,1,30,1.0
HK.01448,52.0,56,0,0,0.75
HK.01449,98.0,99,0,0,0.0
HK.01450,48.0,51,1,5,0.65
HK.01451,82.0,82,0,0,0.1
HK.01452,92.0,91,0,0,0.75
HK.01455,82.0,89,0,0,0.0
HK.01456,38.0,53,0,0,0.7
HK.01458,32.0,50,0,0,0.65
HK.01459,22.0,8,1,13,0.65
HK.01460,70.0,76,0,0,0.45
HK.01461,72.0,83,0,0,0.0
HK.01463,90.0,89,0,0,0.2
HK.01466,95.0,95,0,0,0.45
HK.01468,2.0,48,0,0,0.65
HK.01470,20.0,2,1,23,1.0
HK.01471,6.0,21,1,14,0.7
HK.01472,83.0,30,1,10,0.8
HK.01473,94.0,14,1,1,0.85
HK.01475,59.0,51,1,15,0.75
HK.01476,27.0,44,1,2,0.3
HK.01477,29.0,52,0,0,0.65
HK.01478,9.0,6,1,22,1.0
HK.01480,22.0,9,1,2,0.45
HK.01481,76.0,49,1,17,0.95
HK.01483,69.0,67,1,4,0.3
HK.01486,25.0,16,1,20,1.0
HK.01488,88.0,83,0,0,0.05
HK.01489,98.0,99,0,0,0.0
HK.01490,73.0,27,1,3,0.8
HK.01496,81.0,90,0,0,0.05
HK.01497,67.0,82,0,0,0.3
HK.01498,23.0,20,1,17,0.95
HK.01499,17.0,82,0,0,0.15
HK.01500,96.0,92,0,0,0.05
HK.01501,76.0,73,1,2,0.25
HK.01502,57.0,46,1,3,0.65
HK.01508,53.0,75,0,0,0.6
HK.01511,,21,1,15,0.85
HK.01513,27.0,9,1,19,0.95
HK.01515,49.0,67,0,0,0.6
HK.01516,19.0,49,0,0,0.55
HK.01518,2.0,6,1,13,0.9
HK.01519,70.0,58,1,12,0.8
HK.01520,46.0,96,0,0,0.35
HK.01521,82.0,77,0,0,0.4
HK.01522,26.0,48,0,0,0.95
HK.01523,62.0,22,1,6,0.95
HK.01525,72.0,68,1,6,0.65
HK.01526,56.0,7,1,19,0.95
HK.01527,74.0,88,0,0,0.0
HK.01528,36.0,71,0,0,0.6
HK.01529,95.0,98,0,0,0.0
HK.01530,34.0,37,1,9,0.65
HK.01532,86.0,77,0,0,0.3
HK.01536,95.0,98,0,0,0.0
HK.01538,91.0,65,0,0,0.9
HK.01539,53.0,26,1,6,0.8
HK.01540,92.0,93,0,0,0.0
HK.01541,29.0,77,1,4,0.35
HK.01542,9.0,12,0,0,0.9
HK.01543,25.0,61,0,0,0.2
HK.01545,92.0,76,0,0,0.4
HK.01546,76.0,11,1,18,0.9
HK.01547,58.0,74,0,0,0.0
HK.01548,97.0,98,0,0,0.0
HK.01549,16.0,52,0,0,0.6
HK.01551,47.0,27,1,3,0.8
HK.01552,83.0,62,0,0,0.75
HK.01553,67.0,71,0,0,0.15
HK.01555,28.0,51,0,0,0.6
HK.01556,30.0,28,1,32,1.0
HK.01557,93.0,41,1,15,0.75
HK.01559,28.0,61,1,3,0.4
HK.01560,96.0,98,0,0,0.2
HK.01561,42.0,83,0,0,0.05
HK.01563,20.0,36,0,0,0.55
HK.01565,61.0,31,1,2,0.55
HK.01566,99.0,99,0,0,0.0
HK.01568,60.0,69,0,0,0.3
HK.01569,24.0,61,0,0,0.85
HK.01570,97.0,26,1,45,1.0
HK.01571,62.0,46,1,8,0.8
HK.01572,15.0,17,1,2,0.9
HK.01575,19.0,19,1,31,1.0
HK.01576,70.0,65,0,0,0.5
HK.01577,73.0,42,1,2,0.9
HK.01578,60.0,68,0,0,0.35
HK.01579,79.0,70,1,5,0.45
HK.01580,75.0,19,1,7,0.6
HK.01581,80.0,15,1,18,0.9
HK.01582,83.0,89,0,0,0.25
HK.01583,47.0,59,0,0,0.5
HK.01585,27.0,18,1,10,0.8
HK.01586,11.0,4,1,17,0.95
HK.01587,33.0,28,1,2,0.85
HK.01588,22.0,70,0,0,0.4
HK.01591,24.0,10,1,17,0.95
HK.01592,24.0,12,1,35,1.0
HK.01593,37.0,59,0,0,0.55
HK.01596,2.0,3,1,17,0.95
HK.01597,91.0,33,0,0,0.55
HK.01598,64.0,56,0,0,0.75
HK.01599,34.0,45,1,1,0.4
HK.01600,39.0,45,0,0,0.9
HK.01601,49.0,34,1,7,0.5
HK.01606,70.0,77,0,0,0.15
HK.01608,1.0,2,1,47,1.0
HK.01609,,8,1,3,0.35
HK.01610,47.0,86,0,0,0.6
HK.01611,32.0,73,0,0,0.2
HK.01612,29.0,34,1,10,0.95
HK.01613,98.0,98,1,6,0.3
HK.01615,89.0,67,0,0,0.45
HK.01616,64.0,56,0,0,0.75
HK.01617,67.0,4,1,14,0.7
HK.01618,28.0,38,1,7,0.95
HK.01620,94.0,98,0,0,0.05
HK.01621,87.0,73,0,0,0.3
HK.01622,29.0,5,1,25,1.0
HK.01623,86.0,87,0,0,0.35
HK.01626,99.0,76,0,0,0.65
HK.01627,33.0,45,1,3,0.65
HK.01628,26.0,35,0,0,0.7
HK.01629,81.0,84,0,0,0.4
HK.01630,98.0,36,1,1,0.65
HK.01631,95.0,42,1,11,0.7
HK.01632,13.0,45,0,0,0.75
HK.01633,97.0,49,0,0,0.9
HK.01635,24.0,36,0,0,0.65
HK.01636,13.0,56,0,0,0.75
HK.01637,96.0,96,0,0,0.0
HK.01638,2.0,6,1,7,0.55
HK.01640,1.0,13,0,0,0.7
HK.01641,,13,1,92,1.0
HK.01643,34.0,16,0,0,0.9
HK.01645,84.0,67,1,2,0.25
HK.01647,38.0,68,0,0,0.3
HK.01650,88.0,74,0,0,0.55
HK.01651,87.0,16,1,16,0.8
HK.01652,76.0,3,1,14,0.8
HK.01653,75.0,4,1,4,0.85
HK.01655,26.0,17,1,1,0.75
HK.01656,90.0,48,0,0,0.5
HK.01657,94.0,32,1,1,0.6
HK.01658,74.0,83,0,0,0.35
HK.01660,23.0,12,1,11,0.75
HK.01661,92.0,63,1,5,0.4
HK.01662,2.0,6,1,1,0.85
HK.01663,57.0,91,0,0,0.45
HK.01666,33.0,34,1,30,1.0
HK.01667,65.0,20,1,7,0.65
HK.01668,64.0,56,0,0,0.75
HK.01669,91.0,79,0,0,0.0
HK.01671,65.0,64,0,0,0.7
HK.01672,36.0,38,0,0,0.45
HK.01673,67.0,36,1,4,0.6
HK.01675,11.0,16,1,13,0.9
HK.01676,88.0,98,0,0,0.65
HK.01679,92.0,19,0,0,0.7
HK.01680,3.0,31,1,3,0.25
HK.01681,54.0,48,1,3,0.65
HK.01682,45.0,18,1,4,0.8
HK.01683,5.0,13,1,10,0.75
HK.01685,87.0,6,1,40,1.0
HK.01686,57.0,85,0,0,0.35
HK.01689,26.0,62,0,0,0.35
HK.01690,94.0,87,0,0,0.4
HK.01691,56.0,83,0,0,0.3
HK.01692,30.0,61,0,0,0.35
HK.01693,93.0,28,1,47,1.0
HK.01695,30.0,34,1,5,0.8
HK.01696,10.0,30,1,1,0.9
HK.01697,14.0,18,1,37,1.0
HK.01698,11.0,20,1,20,1.0
HK.01701,15.0,29,1,2,0.6
HK.01702,84.0,90,0,0,0.35
HK.01703,4.0,2,1,25,1.0
HK.01705,95.0,94,0,0,0.2
HK.01707,48.0,56,0,0,0.75
HK.01708,20.0,7,1,46,1.0
HK.01709,7.0,19,1,12,0.7
HK.01710,99.0,99,0,0,0.0
HK.01711,72.0,59,1,3,0.45
HK.01712,90.0,96,0,0,0.0
HK.01713,29.0,33,1,7,0.85
HK.01715,60.0,18,1,9,0.6
HK.01716,98.0,14,0,0,0.7
HK.01717,10.0,22,1,6,0.75
HK.01718,93.0,92,1,4,0.5
HK.01719,14.0,11,1,16,0.9
HK.01720,84.0,33,1,4,0.25
HK.01721,25.0,56,0,0,0.75
HK.01722,85.0,67,0,0,0.7
HK.01723,1.0,5,1,53,1.0
HK.01725,3.0,8,1,9,0.6
HK.01726,19.0,21,1,20,1.0
HK.01727,15.0,40,0,0,0.75
HK.01728,64.0,56,0,0,0.75
HK.01729,77.0,83,0,0,0.3
HK.01731,69.0,48,1,8,0.7
HK.01732,66.0,50,1,5,0.25
HK.01733,67.0,88,0,0,0.0
HK.01735,65.0,59,0,0,0.55
HK.01736,31.0,45,0,0,0.6
HK.01737,87.0,47,1,2,0.6
HK.01738,5.0,68,1,11,0.55
HK.01739,8.0,6,1,11,0.95
HK.01740,90.0,59,0,0,0.65
HK.01741,29.0,15,0,0,0.9
HK.01742,61.0,25,0,0,0.9
HK.01745,5.0,81,0,0,0.55
HK.01746,90.0,88,0,0,0.5
HK.01747,41.0,41,1,2,0.8
HK.01748,64.0,56,0,0,0.75
HK.01749,16.0,76,0,0,0.85
HK.01750,84.0,46,0,0,0.85
HK.01751,38.0,14,0,0,0.6
HK.01752,79.0,29,1,3,0.15
HK.01753,98.0,99,0,0,0.3
HK.01755,64.0,56,0,0,0.75
HK.01756,17.0,29,1,16,0.95
HK.01757,99.0,1,1,48,1.0
HK.01758,29.0,11,1,3,0.6
HK.01759,23.0,50,1,6,0.75
HK.01760,10.0,3,1,6,0.95
HK.01762,71.0,37,1,15,0.75
HK.01763,25.0,12,1,7,0.8
HK.01765,47.0,58,1,3,0.3
HK.01766,62.0,84,0,0,0.2
HK.01767,70.0,63,0,0,0.35
HK.01768,,65,1,3,0.15
HK.01769,5.0,15,1,3,0.95
HK.01771,21.0,48,0,0,0.6
HK.01772,25.0,11,1,5,0.65
HK.01773,3.0,6,1,10,0.9
HK.01775,55.0,38,1,1,0.75
HK.01776,78.0,77,0,0,0.1
HK.01777,0.0,0,1,40,1.0
HK.01778,27.0,37,0,0,0.7
HK.01779,,74,0,0,0.2
HK.01780,98.0,92,1,6,0.3
HK.01782,8.0,12,1,8,0.8
HK.01783,80.0,22,1,7,0.45
HK.01785,72.0,68,0,0,0.2
HK.01786,40.0,60,0,0,0.45
HK.01787,50.0,89,0,0,0.0
HK.01788,75.0,91,0,0,0.0
HK.01789,44.0,18,1,10,0.5
HK.01790,66.0,33,1,3,0.8
HK.01792,56.0,34,1,1,0.55
HK.01793,98.0,99,0,0,0.0
HK.01795,31.0,77,0,0,0.25
HK.01796,2.0,92,1,4,0.45
HK.01797,82.0,91,0,0,0.4
HK.01798,7.0,15,1,8,0.95
HK.01799,15.0,21,1,15,0.75
HK.01800,23.0,29,1,56,1.0
HK.01801,84.0,84,0,0,0.0
HK.01802,62.0,56,0,0,0.75
HK.01803,41.0,34,1,2,0.8
HK.01808,33.0,25,0,0,0.85
HK.01809,70.0,72,0,0,0.25
HK.01810,29.0,54,1,2,0.35
HK.01811,39.0,34,0,0,0.85
HK.01812,29.0,36,0,0,0.95
HK.01813,6.0,17,1,10,0.95
HK.01815,92.0,98,0,0,0.0
HK.01816,69.0,77,0,0,0.5
HK.01817,42.0,75,1,3,0.45
HK.01818,53.0,69,1,7,0.45
HK.01820,78.0,42,0,0,0.9
HK.01822,49.0,35,0,0,0.7
HK.01823,41.0,22,1,7,0.6
HK.01825,99.0,99,0,0,0.7
HK.01826,97.0,98,0,0,0.0
HK.01827,63.0,80,0,0,0.45
HK.01828,54.0,82,0,0,0.45
HK.01830,74.0,46,1,3,0.45
HK.01831,96.0,84,0,0,0.7
HK.01832,92.0,90,0,0,0.0
HK.01833,6.0,10,1,105,1.0
HK.01835,97.0,96,0,0,0.1
HK.01836,39.0,20,1,14,0.7
HK.01837,87.0,23,1,8,0.75
HK.01841,95.0,94,0,0,0.3
HK.01842,81.0,96,0,0,0.8
HK.01843,95.0,94,0,0,0.2
HK.01845,58.0,24,1,44,1.0
HK.01846,37.0,25,1,14,0.7
HK.01847,25.0,27,1,1,0.9
HK.01848,56.0,79,0,0,0.3
HK.01849,64.0,56,0,0,0.75
HK.01850,2.0,3,1,6,0.4
HK.01851,96.0,96,0,0,0.25
HK.01853,35.0,49,0,0,0.55
HK.01854,52.0,19,1,23,1.0
HK.01855,1.0,9,1,3,0.55
HK.01856,67.0,85,0,0,0.1
HK.01857,51.0,52,1,9,0.55
HK.01858,16.0,19,1,17,0.9
HK.01860,23.0,17,1,6,0.85
HK.01861,82.0,29,1,2,0.95
HK.01862,69.0,56,0,0,0.75
HK.01865,85.0,52,0,0,0.8
HK.01866,85.0,87,0,0,0.05
HK.01867,72.0,73,0,0,0.1
HK.01868,5.0,23,0,0,0.7
HK.01869,7.0,65,0,0,0.9
HK.01870,3.0,42,1,67,1.0
HK.01871,71.0,38,1,3,0.8
HK.01872,25.0,59,1,3,0.45
HK.01873,39.0,60,1,9,0.45
HK.01875,89.0,68,1,1,0.1
HK.01876,38.0,35,1,28,1.0
HK.01877,45.0,39,1,8,0.7
HK.01878,37.0,65,0,0,0.25
HK.01879,,16,1,1,0.4
HK.01880,32.0,44,0,0,0.8
HK.01882,38.0,23,1,15,0.85
HK.01883,57.0,31,1,26,1.0
HK.01884,71.0,69,1,3,0.45
HK.01888,95.0,60,0,0,0.4
HK.01889,5.0,44,0,0,0.45
HK.01890,30.0,66,0,0,0.55
HK.01891,84.0,78,0,0,0.7
HK.01894,80.0,88,0,0,0.2
HK.01895,19.0,50,0,0,0.75
HK.01896,22.0,15,0,0,0.85
HK.01897,59.0,36,1,9,0.45
HK.01898,71.0,74,0,0,0.05
HK.01899,50.0,29,1,16,0.9
HK.01900,14.0,21,1,9,0.85
HK.01901,4.0,8,1,31,1.0
HK.01903,79.0,16,1,42,1.0
HK.01905,87.0,94,1,1,0.05
HK.01906,93.0,96,0,0,0.0
HK.01907,28.0,29,0,0,0.5
HK.01908,36.0,16,1,8,0.4
HK.01909,59.0,68,1,1,0.4
HK.01910,35.0,27,1,18,0.95
HK.01911,49.0,93,0,0,0.3
HK.01912,97.0,98,0,0,0.3
HK.01913,60.0,42,1,7,0.8
HK.01915,64.0,56,0,0,0.75
HK.01916,53.0,47,0,0,0.6
HK.01917,51.0,27,1,2,0.95
HK.01918,7.0,40,0,0,0.5
HK.01919,81.0,84,0,0,0.1
HK.01920,17.0,9,1,3,0.85
HK.01921,21.0,44,1,7,0.45
HK.01925,69.0,44,1,1,0.8
HK.01927,92.0,86,0,0,0.0
HK.01928,34.0,52,1,1,0.4
HK.01929,70.0,66,1,5,0.25
HK.01930,39.0,12,1,30,1.0
HK.01931,2.0,14,1,9,0.85
HK.01932,21.0,9,1,53,1.0
HK.01933,45.0,5,1,2,0.8
HK.01935,45.0,76,0,0,0.45
HK.01936,81.0,72,0,0,0.15
HK.01937,32.0,81,0,0,0.6
HK.01938,16.0,40,1,6,0.45
HK.01939,3.0,66,0,0,0.55
HK.01940,88.0,93,0,0,0.2
HK.01941,95.0,90,0,0,0.0
HK.01942,2.0,31,0,0,0.65
HK.01943,93.0,97,0,0,0.0
HK.01945,53.0,21,1,2,0.7
HK.01947,86.0,76,0,0,0.0
HK.01948,45.0,69,0,0,0.35
HK.01949,51.0,82,0,0,0.45
HK.01950,15.0,64,1,1,0.65
HK.01951,53.0,66,0,0,0.5
HK.01952,47.0,88,0,0,0.1
HK.01953,98.0,89,0,0,0.75
HK.01955,73.0,75,0,0,0.25
HK.01957,88.0,85,0,0,0.35
HK.01958,4.0,17,1,9,0.95
HK.01959,98.0,97,0,0,0.0
HK.01960,82.0,78,0,0,0.4
HK.01961,8.0,56,0,0,0.75
HK.01962,80.0,81,0,0,0.05
HK.01963,76.0,80,0,0,0.25
HK.01965,49.0,43,1,2,0.35
HK.01966,17.0,60,0,0,0.75
HK.01967,22.0,35,0,0,0.85
HK.01968,65.0,32,1,3,0.7
HK.01969,5.0,32,1,20,1.0
HK.01970,71.0,63,0,0,0.25
HK.01971,36.0,34,1,10,0.6
HK.01972,80.0,82,0,0,0.05
HK.01973,20.0,17,1,11,0.95
HK.01975,84.0,86,0,0,0.5
HK.01977,73.0,72,0,0,0.45
HK.01978,13.0,10,1,14,0.85
HK.01979,16.0,13,1,7,0.65
HK.01980,62.0,81,0,0,0.6
HK.01981,27.0,62,0,0,0.3
HK.01982,33.0,38,1,3,0.7
HK.01983,55.0,20,1,5,0.75
HK.01985,93.0,36,1,3,0.85
HK.01986,80.0,81,0,0,0.4
HK.01987,88.0,79,0,0,0.45
HK.01988,53.0,74,0,0,0.55
HK.01989,,25,0,0,0.5
HK.01991,50.0,60,1,5,0.85
HK.01993,22.0,29,1,1,0.55
HK.01995,73.0,73,0,0,0.35
HK.01996,56.0,94,0,0,0.3
HK.01997,89.0,90,0,0,0.0
HK.01999,26.0,44,0,0,0.8
HK.02000,27.0,30,1,2,0.8
HK.02001,10.0,14,1,7,0.85
HK.02002,40.0,87,0,0,0.4
HK.02003,8.0,52,0,0,0.7
HK.02005,75.0,86,0,0,0.15
HK.02007,14.0,63,0,0,0.2
HK.02008,47.0,62,0,0,0.9
HK.02009,41.0,67,0,0,0.25
HK.02011,33.0,21,1,17,0.95
HK.02012,4.0,19,1,5,0.65
HK.02013,4.0,3,1,16,0.8
HK.02015,22.0,47,0,0,0.8
HK.02016,62.0,78,0,0,0.4
HK.02017,97.0,98,0,0,0.25
HK.02018,68.0,48,1,1,0.4
HK.02020,56.0,70,0,0,0.55
HK.02022,35.0,38,0,0,0.65
HK.02023,66.0,64,0,0,0.4
HK.02025,87.0,71,0,0,0.45
HK.02026,,25,1,11,0.7
HK.02028,99.0,98,0,0,0.15
HK.02030,51.0,58,0,0,0.3
HK.02031,82.0,75,1,1,0.1
HK.02033,15.0,16,1,53,1.0
HK.02038,32.0,11,1,56,1.0
HK.02039,48.0,66,0,0,0.15
HK.02048,91.0,99,0,0,0.1
HK.02050,31.0,27,1,12,0.85
HK.02051,19.0,51,0,0,0.45
HK.02057,61.0,19,1,36,1.0
HK.02068,24.0,36,1,5,0.9
HK.02076,66.0,83,0,0,0.35
HK.02078,62.0,68,0,0,0.3
HK.02080,65.0,80,0,0,0.2
HK.02086,68.0,70,0,0,0.4
HK.02088,64.0,56,0,0,0.75
HK.02096,72.0,60,1,3,0.8
HK.02097,10.0,19,1,9,0.6
HK.02098,24.0,68,0,0,0.4
HK.02099,94.0,97,0,0,0.0
HK.02100,10.0,5,1,65,1.0
HK.02101,77.0,74,1,3,0.65
HK.02102,85.0,78,0,0,0.05
HK.02105,6.0,23,0,0,0.55
HK.02107,92.0,89,1,8,0.45
HK.02108,86.0,35,0,0,0.85
HK.02110,6.0,2,1,46,1.0
HK.02111,53.0,82,0,0,0.4
HK.02112,6.0,22,1,3,0.7
HK.02113,98.0,98,0,0,0.55
HK.02116,81.0,51,1,1,0.2
HK.02119,50.0,65,0,0,0.3
HK.02120,79.0,94,0,0,0.0
HK.02121,33.0,45,0,0,0.6
HK.02122,7.0,1,1,15,0.75
HK.02125,24.0,60,0,0,0.8
HK.02126,48.0,86,0,0,0.05
HK.02127,64.0,56,0,0,0.75
HK.02128,20.0,12,1,8,0.65
HK.02129,91.0,82,0,0,0.15
HK.02130,52.0,46,1,2,0.85
HK.02131,64.0,56,0,0,0.75
HK.02132,82.0,50,1,1,0.5
HK.02135,46.0,76,0,0,0.15
HK.02136,76.0,39,1,7,0.65
HK.02137,16.0,26,1,9,0.65
HK.02138,37.0,67,0,0,0.1
HK.02139,88.0,77,0,0,0.2
HK.02142,87.0,88,1,3,0.3
HK.02145,3.0,8,1,17,0.9
HK.02146,90.0,86,0,0,0.35
HK.02147,42.0,74,1,1,0.35
HK.02149,30.0,69,0,0,0.1
HK.02150,18.0,30,1,10,0.6
HK.02152,69.0,83,0,0,0.15
HK.02153,56.0,80,0,0,0.65
HK.02155,23.0,11,1,8,0.65
HK.02156,72.0,71,0,0,0.5
HK.02157,48.0,46,1,2,0.6
HK.02158,18.0,6,1,39,1.0
HK.02159,80.0,64,1,5,0.5
HK.02160,3.0,72,1,2,0.25
HK.02161,16.0,28,1,1,0.9
HK.02162,89.0,74,0,0,0.65
HK.02163,64.0,56,0,0,0.75
HK.02165,32.0,43,1,7,0.35
HK.02166,92.0,36,1,3,0.35
HK.02167,89.0,95,0,0,0.0
HK.02168,40.0,78,0,0,0.0
HK.02169,29.0,81,0,0,0.45
HK.02170,22.0,52,0,0,0.7
HK.02171,40.0,17,1,14,0.8
HK.02172,29.0,20,1,46,1.0
HK.02175,37.0,23,1,3,0.7
HK.02176,3.0,7,1,22,1.0
HK.02177,68.0,78,0,0,0.2
HK.02178,96.0,94,1,6,0.3
HK.02179,54.0,58,0,0,0.65
HK.02180,56.0,38,1,3,0.65
HK.02181,58.0,83,0,0,0.1
HK.02182,50.0,70,1,2,0.4
HK.02185,3.0,4,1,39,1.0
HK.02186,30.0,39,1,7,0.55
HK.02187,20.0,4,1,48,1.0
HK.02188,2.0,1,1,48,1.0
HK.02189,76.0,71,0,0,0.2
HK.02190,67.0,77,0,0,0.05
HK.02192,28.0,25,1,16,0.8
HK.02193,92.0,79,0,0,0.15
HK.02195,9.0,23,1,3,0.2
HK.02196,56.0,73,0,0,0.5
HK.02197,91.0,80,1,1,0.3
HK.02198,89.0,93,0,0,0.0
HK.02199,88.0,92,0,0,0.05
HK.02202,22.0,52,0,0,0.8
HK.02203,12.0,5,1,21,1.0
HK.02205,12.0,5,1,46,1.0
HK.02208,32.0,11,1,15,0.75
HK.02209,57.0,76,0,0,0.25
HK.02210,28.0,63,0,0,0.35
HK.02211,45.0,83,0,0,0.45
HK.02212,55.0,44,1,2,0.4
HK.02215,23.0,48,1,6,0.65
HK.02216,3.0,27,1,3,0.7
HK.02218,89.0,91,0,0,0.15
HK.02219,65.0,49,0,0,0.8
HK.02221,12.0,8,1,8,0.75
HK.02222,41.0,42,0,0,0.95
HK.02223,46.0,15,0,0,0.7
HK.02225,98.0,96,0,0,0.2
HK.02226,83.0,91,0,0,0.6
HK.02227,95.0,92,0,0,0.2
HK.02228,36.0,25,1,10,0.7
HK.02230,36.0,34,1,9,0.85
HK.02231,3.0,94,0,0,0.45
HK.02232,77.0,85,0,0,0.0
HK.02233,41.0,82,0,0,0.15
HK.02235,50.0,33,1,4,0.45
HK.02236,71.0,51,0,0,0.85
HK.02237,9.0,25,1,6,0.65
HK.02238,17.0,37,0,0,0.9
HK.02239,86.0,21,1,10,0.7
HK.02245,80.0,93,0,0,0.0
HK.02246,6.0,29,1,8,0.7
HK.02250,4.0,85,0,0,0.0
HK.02251,13.0,8,1,12,0.8
HK.02252,51.0,18,1,12,0.65
HK.02255,3.0,1,1,24,1.0
HK.02256,31.0,13,1,16,0.8
HK.02257,10.0,21,1,9,0.85
HK.02258,77.0,14,1,8,0.9
HK.02259,,95,0,0,0.0
HK.02260,54.0,49,1,7,0.6
HK.02262,3.0,7,1,54,1.0
HK.02263,79.0,51,0,0,0.6
HK.02265,51.0,21,1,4,0.75
HK.02266,73.0,30,1,16,0.9
HK.02268,89.0,94,0,0,0.0
HK.02269,91.0,92,0,0,0.0
HK.02270,95.0,86,1,7,0.4
HK.02271,60.0,23,1,5,0.95
HK.02273,58.0,34,1,3,0.9
HK.02276,58.0,91,0,0,0.0
HK.02279,60.0,19,1,12,0.65
HK.02280,75.0,56,0,0,0.75
HK.02281,44.0,44,0,0,0.85
HK.02282,43.0,74,0,0,0.85
HK.02283,19.0,21,1,48,1.0
HK.02285,79.0,77,0,0,0.25
HK.02286,93.0,96,1,1,0.2
HK.02288,72.0,89,0,0,0.55
HK.02289,58.0,30,1,35,1.0
HK.02290,,91,0,0,0.05
HK.02291,41.0,71,1,2,0.35
HK.02293,30.0,45,0,0,0.8
HK.02295,93.0,80,1,12,0.95
HK.02297,12.0,6,1,42,1.0
HK.02298,35.0,24,1,8,0.9
HK.02299,80.0,67,0,0,0.7
HK.02302,31.0,19,1,8,0.6
HK.02306,52.0,45,1,15,0.85
HK.02307,40.0,81,0,0,0.1
HK.02309,35.0,29,1,5,0.6
HK.02310,97.0,85,1,2,0.4
HK.02313,18.0,13,1,21,1.0
HK.02314,84.0,70,1,14,0.7
HK.02315,94.0,82,0,0,0.3
HK.02317,75.0,70,0,0,0.55
HK.02318,62.0,61,1,1,0.45
HK.02319,83.0,71,0,0,0.65
HK.02320,97.0,98,0,0,0.3
HK.02321,77.0,51,1,2,0.6
HK.02322,4.0,7,1,29,1.0
HK.02325,7.0,10,1,16,0.8
HK.02326,60.0,56,0,0,0.7
HK.02327,51.0,41,0,0,0.85
HK.02328,74.0,84,0,0,0.3
HK.02329,65.0,93,0,0,0.15
HK.02330,82.0,9,1,22,1.0
HK.02331,32.0,39,0,0,0.9
HK.02333,10.0,13,1,60,1.0
HK.02336,91.0,80,0,0,0.8
HK.02337,52.0,74,0,0,0.35
HK.02338,87.0,21,1,1,0.7
HK.02339,96.0,6,1,8,0.8
HK.02340,48.0,45,0,0,0.5
HK.02342,2.0,6,1,1,0.9
HK.02343,93.0,94,0,0,0.0
HK.02347,68.0,59,0,0,0.5
HK.02348,46.0,53,0,0,0.65
HK.02349,79.0,40,1,3,0.45
HK.02350,79.0,87,0,0,0.05
HK.02352,15.0,71,0,0,0.65
HK.02355,25.0,18,1,7,0.95
HK.02356,87.0,85,0,0,0.05
HK.02357,35.0,47,0,0,0.75
HK.02358,77.0,75,1,1,0.45
HK.02359,93.0,90,0,0,0.1
HK.02360,57.0,77,0,0,0.55
HK.02361,74.0,29,1,16,0.8
HK.02362,64.0,56,0,0,0.75
HK.02363,15.0,5,1,42,1.0
HK.02367,37.0,40,1,13,0.8
HK.02368,42.0,70,0,0,0.4
HK.02369,9.0,4,1,15,0.85
HK.02370,95.0,77,1,3,0.15
HK.02371,16.0,14,1,3,0.8
HK.02372,97.0,87,0,0,0.7
HK.02373,39.0,63,1,5,0.45
HK.02376,39.0,79,0,0,0.15
HK.02377,47.0,37,1,16,0.8
HK.02378,69.0,51,1,2,0.9
HK.02380,42.0,49,0,0,0.6
HK.02381,96.0,96,0,0,0.5
HK.02382,60.0,82,0,0,0.2
HK.02383,46.0,47,1,3,0.85
HK.02385,46.0,27,1,5,0.95
HK.02386,55.0,85,0,0,0.75
HK.02388,86.0,76,0,0,0.25
HK.02389,72.0,64,1,3,0.35
HK.02390,20.0,9,1,18,0.9
HK.02391,27.0,44,1,1,0.5
HK.02392,38.0,61,0,0,0.65
HK.02393,8.0,32,0,0,0.4
HK.02396,,80,1,3,0.3
HK.02399,28.0,66,0,0,0.25
HK.02400,18.0,37,0,0,0.9
HK.02402,8.0,30,1,16,0.8
HK.02405,1.0,1,1,34,1.0
HK.02407,21.0,32,1,3,0.9
HK.02408,,92,0,0,0.2
HK.02409,69.0,78,0,0,0.1
HK.02410,2.0,0,1,15,0.95
HK.02411,44.0,50,0,0,0.7
HK.02415,11.0,46,0,0,0.3
HK.02416,84.0,46,1,9,0.45
HK.02418,77.0,81,0,0,0.35
HK.02419,60.0,89,0,0,0.25
HK.02420,89.0,95,0,0,0.45
HK.02421,44.0,33,1,12,0.9
HK.02422,95.0,16,1,7,0.65
HK.02423,72.0,75,0,0,0.1
HK.02425,50.0,41,1,16,0.8
HK.02427,95.0,24,0,0,0.75
HK.02429,31.0,22,0,0,0.85
HK.02431,0.0,0,1,50,1.0
HK.02432,10.0,15,1,15,0.75
HK.02433,38.0,29,1,10,0.75
HK.02436,96.0,15,1,6,0.4
HK.02438,13.0,18,1,16,0.85
HK.02439,72.0,69,0,0,0.65
HK.02440,3.0,25,1,8,0.7
HK.02442,99.0,98,0,0,0.0
HK.02443,7.0,13,1,5,0.95
HK.02450,94.0,92,1,4,0.2
HK.02451,81.0,66,1,3,0.5
HK.02453,6.0,35,1,3,0.3
HK.02455,68.0,61,0,0,0.45
HK.02457,85.0,81,0,0,0.05
HK.02458,78.0,77,0,0,0.45
HK.02459,21.0,91,0,0,0.3
HK.02460,34.0,44,1,17,0.9
HK.02465,24.0,13,1,7,0.85
HK.02469,1.0,6,1,13,0.9
HK.02473,1.0,12,1,1,0.9
HK.02476,,6,1,8,0.65
HK.02477,0.0,6,1,15,0.85
HK.02479,64.0,56,0,0,0.75
HK.02480,22.0,65,0,0,0.6
HK.02481,61.0,42,1,4,0.8
HK.02482,4.0,3,1,32,1.0
HK.02483,73.0,52,0,0,0.45
HK.02486,14.0,27,1,9,0.45
HK.02487,1.0,1,1,93,1.0
HK.02488,50.0,72,0,0,0.1
HK.02489,44.0,88,0,0,0.1
HK.02490,36.0,40,1,6,0.85
HK.02493,,26,1,16,0.8
HK.02495,4.0,3,1,58,1.0
HK.02496,11.0,15,1,71,1.0
HK.02497,27.0,4,1,17,0.9
HK.02498,5.0,2,1,22,1.0
HK.02499,61.0,42,1,1,0.9
HK.02500,16.0,75,0,0,0.75
HK.02501,94.0,97,0,0,0.0
HK.02502,81.0,31,1,3,0.7
HK.02503,32.0,71,1,10,0.9
HK.02505,5.0,3,1,41,1.0
HK.02506,36.0,49,0,0,0.4
HK.02507,71.0,84,1,1,0.05
HK.02508,14.0,21,1,4,0.95
HK.02509,50.0,61,1,3,0.55
HK.02510,93.0,97,0,0,0.0
HK.02511,88.0,88,0,0,0.4
HK.02512,33.0,40,0,0,0.2
HK.02513,,2,1,5,0.75
HK.02515,98.0,98,0,0,0.0
HK.02516,33.0,9,1,4,0.9
HK.02517,10.0,17,1,17,0.9
HK.02518,74.0,73,0,0,0.5
HK.02519,23.0,38,0,0,0.65
HK.02520,78.0,69,0,0,0.75
HK.02521,90.0,41,1,33,1.0
HK.02522,11.0,48,0,0,0.55
HK.02525,,58,0,0,0.45
HK.02526,,79,1,1,0.15
HK.02528,96.0,74,1,4,0.3
HK.02529,65.0,50,1,6,0.5
HK.02530,80.0,44,1,17,0.9
HK.02531,31.0,93,0,0,0.3
HK.02533,9.0,12,1,5,0.85
HK.02535,75.0,96,0,0,0.05
HK.02536,1.0,2,1,47,1.0
HK.02539,,14,1,17,0.85
HK.02540,16.0,44,0,0,0.6
HK.02543,,93,0,0,0.1
HK.02545,53.0,68,1,4,0.25
HK.02546,,87,1,2,0.2
HK.02549,42.0,47,1,1,0.3
HK.02550,36.0,53,1,3,0.6
HK.02551,10.0,17,0,0,0.85
HK.02552,49.0,51,0,0,0.5
HK.02553,,1,1,5,0.95
HK.02555,18.0,15,1,43,1.0
HK.02556,92.0,97,0,0,0.0
HK.02558,42.0,35,1,13,0.65
HK.02559,25.0,3,1,38,1.0
HK.02560,44.0,47,1,7,0.7
HK.02561,20.0,52,0,0,0.7
HK.02562,0.0,0,1,21,1.0
HK.02563,79.0,88,0,0,0.45
HK.02565,1.0,11,1,10,0.85
HK.02566,18.0,30,1,3,0.85
HK.02567,13.0,28,0,0,0.95
HK.02569,87.0,85,0,0,0.25
HK.02570,0.0,0,1,94,1.0
HK.02571,83.0,62,0,0,0.7
HK.02573,38.0,90,0,0,0.05
HK.02575,,4,1,3,0.9
HK.02576,76.0,25,1,2,0.75
HK.02577,9.0,16,1,3,0.75
HK.02579,,30,1,3,0.75
HK.02580,,72,0,0,0.35
HK.02581,,70,0,0,0.3
HK.02582,0.0,0,1,77,1.0
HK.02583,,97,0,0,0.0
HK.02585,94.0,94,1,3,0.3
HK.02586,7.0,3,1,49,1.0
HK.02587,0.0,0,1,105,1.0
HK.02588,71.0,47,0,0,0.9
HK.02589,17.0,13,1,22,1.0
HK.02590,4.0,18,1,8,0.7
HK.02591,0.0,0,1,39,1.0
HK.02592,7.0,31,1,1,0.95
HK.02593,30.0,39,1,3,0.6
HK.02595,,10,1,8,0.5
HK.02596,67.0,58,0,0,0.8
HK.02597,93.0,41,1,5,0.25
HK.02598,10.0,25,1,4,0.85
HK.02600,53.0,73,0,0,0.3
HK.02601,56.0,70,0,0,0.4
HK.02602,70.0,84,0,0,0.05
HK.02603,44.0,45,0,0,0.65
HK.02605,12.0,49,1,6,0.55
HK.02607,69.0,53,0,0,0.85
HK.02608,68.0,81,0,0,0.5
HK.02609,9.0,17,1,6,0.8
HK.02610,13.0,31,0,0,0.85
HK.02611,70.0,73,0,0,0.35
HK.02613,74.0,60,1,10,0.75
HK.02616,75.0,91,0,0,0.05
HK.02617,0.0,7,1,105,1.0
HK.02618,49.0,8,1,19,0.95
HK.02619,,35,1,17,0.9
HK.02621,34.0,27,1,3,0.95
HK.02623,95.0,8,1,42,1.0
HK.02625,9.0,10,1,41,1.0
HK.02627,25.0,56,0,0,0.75
HK.02628,79.0,75,0,0,0.4
HK.02629,14.0,56,0,0,0.75
HK.02630,,86,1,3,0.5
HK.02631,68.0,8,1,14,0.7
HK.02632,,10,1,4,0.4
HK.02633,35.0,39,1,1,0.8
HK.02635,,8,1,5,0.75
HK.02637,,51,0,0,0.3
HK.02638,69.0,63,0,0,0.35
HK.02643,1.0,3,1,57,1.0
HK.02648,54.0,30,1,28,1.0
HK.02649,,56,0,0,0.75
HK.02650,,0,1,37,1.0
HK.02651,96.0,97,0,0,0.05
HK.02652,,1,1,18,0.95
HK.02655,,26,1,15,0.8
HK.02656,,23,1,8,0.85
HK.02657,,91,0,0,0.05
HK.02658,,22,1,3,0.8
HK.02659,,16,1,4,0.9
HK.02660,73.0,64,0,0,0.7
HK.02661,,1,1,98,1.0
HK.02663,87.0,26,1,11,0.55
HK.02665,,1,1,16,0.8
HK.02666,46.0,63,0,0,0.7
HK.02668,95.0,93,0,0,0.25
HK.02669,38.0,65,0,0,0.45
HK.02670,,1,1,49,1.0
HK.02671,,93,0,0,0.0
HK.02675,,28,0,0,0.8
HK.02676,,40,1,6,0.3
HK.02677,,45,1,10,0.65
HK.02678,75.0,31,1,7,0.65
HK.02680,39.0,31,1,1,0.15
HK.02682,41.0,53,0,0,0.55
HK.02683,71.0,43,1,3,0.7
HK.02685,,1,1,34,1.0
HK.02687,,98,0,0,0.0
HK.02688,41.0,82,0,0,0.0
HK.02689,61.0,13,1,15,0.75
HK.02691,,79,0,0,0.6
HK.02692,,5,1,15,0.9
HK.02693,,48,1,3,0.45
HK.02695,,4,1,51,1.0
HK.02696,70.0,66,1,2,0.15
HK.02698,,62,1,11,0.65
HK.02699,15.0,62,0,0,0.05
HK.02700,71.0,58,0,0,0.7
HK.02701,,15,1,5,0.7
HK.02706,,78,0,0,0.15
HK.02714,,90,0,0,0.2
HK.02715,,8,1,15,0.85
HK.02718,,2,1,5,0.95
HK.02720,,93,0,0,0.15
HK.02722,27.0,9,1,15,0.8
HK.02723,,95,1,2,0.15
HK.02726,,46,1,2,0.45
HK.02727,21.0,22,0,0,0.9
HK.02728,18.0,50,0,0,0.7
HK.02729,,79,0,0,0.35
HK.02738,97.0,99,0,0,0.6
HK.02768,,32,1,1,0.35
HK.02772,33.0,92,0,0,0.1
HK.02777,1.0,2,1,75,1.0
HK.02779,20.0,80,0,0,0.15
HK.02788,,61,0,0,0.3
HK.02789,73.0,22,1,6,0.3
HK.02798,57.0,83,0,0,0.4
HK.02799,34.0,79,0,0,0.3
HK.02858,9.0,12,1,13,0.95
HK.02863,94.0,85,0,0,0.8
HK.02865,6.0,2,1,15,0.75
HK.02866,46.0,71,0,0,0.5
HK.02869,65.0,67,0,0,0.4
HK.02877,66.0,69,0,0,0.45
HK.02878,9.0,9,1,70,1.0
HK.02880,36.0,43,0,0,0.9
HK.02881,91.0,52,0,0,0.45
HK.02882,21.0,42,1,4,0.75
HK.02883,62.0,81,0,0,0.3
HK.02885,83.0,73,0,0,0.1
HK.02886,76.0,78,0,0,0.3
HK.02888,88.0,76,0,0,0.35
HK.02889,,5,1,8,0.4
HK.02892,86.0,29,1,2,0.95
HK.02898,55.0,56,0,0,0.75
HK.02899,84.0,83,0,0,0.05
HK.03200,,14,0,0,0.75
HK.03268,,89,0,0,0.25
HK.03277,,81,0,0,0.2
HK.03288,43.0,20,1,9,0.75
HK.03296,,54,1,1,0.25
HK.03300,30.0,14,1,13,0.75
HK.03301,21.0,81,1,2,0.4
HK.03302,61.0,16,1,4,0.95
HK.03303,20.0,19,1,48,1.0
HK.03306,74.0,73,0,0,0.5
HK.03309,12.0,29,1,1,0.9
HK.03310,,12,1,3,0.75
HK.03311,54.0,73,0,0,0.45
HK.03313,12.0,28,1,3,0.5
HK.03315,25.0,31,1,18,0.95
HK.03316,58.0,44,1,12,0.95
HK.03317,,45,1,1,0.45
HK.03318,92.0,93,0,0,0.35
HK.03319,19.0,21,1,10,0.5
HK.03320,61.0,39,1,14,0.7
HK.03321,90.0,12,1,48,1.0
HK.03322,52.0,67,0,0,0.55
HK.03323,13.0,7,1,17,0.9
HK.03328,79.0,81,0,0,0.1
HK.03329,69.0,7,1,37,1.0
HK.03330,91.0,94,0,0,0.1
HK.03332,4.0,44,0,0,0.2
HK.03336,78.0,6,1,8,0.85
HK.03337,54.0,87,0,0,0.75
HK.03339,85.0,89,0,0,0.2
HK.03347,77.0,84,0,0,0.35
HK.03348,79.0,58,1,6,0.8
HK.03355,,86,0,0,0.1
HK.03360,61.0,80,0,0,0.05
HK.03363,77.0,85,0,0,0.0
HK.03366,29.0,20,1,2,0.6
HK.03368,49.0,24,1,12,0.75
HK.03369,73.0,78,0,0,0.45
HK.03377,6.0,17,1,17,0.85
HK.03378,,65,1,4,0.3
HK.03380,73.0,30,1,7,0.85
HK.03382,59.0,65,0,0,0.5
HK.03383,10.0,41,0,0,0.55
HK.03388,,75,1,1,0.15
HK.03389,95.0,93,0,0,0.05
HK.03390,46.0,65,1,2,0.15
HK.03393,40.0,3,1,17,0.9
HK.03395,13.0,6,1,27,1.0
HK.03396,91.0,81,1,1,0.05
HK.03398,16.0,1,1,10,0.75
HK.03399,37.0,35,1,16,0.9
HK.03600,89.0,84,1,5,0.35
HK.03601,16.0,9,1,22,1.0
HK.03603,88.0,72,1,2,0.45
HK.03606,50.0,62,1,1,0.5
HK.03613,31.0,24,1,36,1.0
HK.03616,34.0,31,1,1,0.35
HK.03618,73.0,65,1,2,0.45
HK.03623,19.0,48,0,0,0.5
HK.03625,,2,1,6,0.45
HK.03626,15.0,78,0,0,0.3
HK.03628,62.0,56,0,0,0.4
HK.03633,55.0,78,0,0,0.6
HK.03636,,76,0,0,0.3
HK.03638,1.0,0,1,45,1.0
HK.03639,57.0,97,0,0,0.35
HK.03650,3.0,4,1,16,0.8
HK.03658,47.0,23,1,8,0.85
HK.03660,4.0,1,1,45,1.0
HK.03662,55.0,68,0,0,0.75
HK.03666,26.0,56,0,0,0.75
HK.03668,78.0,85,0,0,0.05
HK.03669,20.0,74,1,3,0.4
HK.03677,7.0,7,1,22,1.0
HK.03678,28.0,62,0,0,0.35
HK.03680,80.0,85,0,0,0.0
HK.03681,26.0,24,1,21,1.0
HK.03683,5.0,6,1,47,1.0
HK.03686,27.0,9,1,19,0.95
HK.03688,6.0,5,1,17,0.95
HK.03689,78.0,78,0,0,0.45
HK.03690,54.0,35,1,18,0.9
HK.03692,77.0,83,0,0,0.35
HK.03696,,89,0,0,0.3
HK.03698,86.0,65,1,5,0.55
HK.03699,81.0,82,0,0,0.3
HK.03700,25.0,7,1,24,1.0
HK.03708,34.0,37,1,3,0.7
HK.03709,20.0,15,1,18,0.9
HK.03718,71.0,53,0,0,0.75
HK.03728,54.0,70,0,0,0.7
HK.03737,67.0,72,0,0,0.3
HK.03738,52.0,95,0,0,0.3
HK.03750,74.0,19,1,15,0.75
HK.03759,92.0,94,0,0,0.25
HK.03768,7.0,3,1,26,1.0
HK.03773,87.0,37,1,3,0.45
HK.03774,98.0,96,1,2,0.4
HK.03778,60.0,49,1,16,0.9
HK.03788,76.0,88,0,0,0.0
HK.03789,96.0,90,0,0,0.15
HK.03798,54.0,29,0,0,0.8
HK.03800,24.0,64,0,0,0.2
HK.03808,88.0,63,0,0,0.65
HK.03813,51.0,87,0,0,0.05
HK.03816,98.0,97,0,0,0.0
HK.03818,11.0,12,1,17,0.85
HK.03822,72.0,49,1,4,0.2
HK.03828,38.0,25,1,3,0.95
HK.03830,94.0,60,0,0,0.6
HK.03833,79.0,89,0,0,0.05
HK.03836,7.0,4,1,15,0.8
HK.03838,66.0,73,0,0,0.7
HK.03839,82.0,38,1,3,0.95
HK.03848,48.0,25,1,15,0.8
HK.03858,65.0,17,1,6,0.3
HK.03860,71.0,68,0,0,0.6
HK.03866,85.0,84,0,0,0.2
HK.03868,17.0,17,1,67,1.0
HK.03869,22.0,54,0,0,0.75
HK.03877,75.0,78,0,0,0.15
HK.03878,33.0,8,1,16,0.95
HK.03880,34.0,31,1,10,0.65
HK.03881,,45,0,0,0.75
HK.03882,17.0,24,1,4,0.75
HK.03883,6.0,23,1,3,0.65
HK.03886,20.0,14,1,9,0.95
HK.03887,,94,0,0,0.0
HK.03888,52.0,35,1,2,0.8
HK.03889,42.0,95,0,0,0.85
HK.03893,93.0,92,0,0,0.1
HK.03896,36.0,24,1,13,0.75
HK.03898,26.0,13,1,16,0.85
HK.03899,52.0,53,0,0,0.7
HK.03900,14.0,10,1,8,0.4
HK.03903,64.0,56,0,0,0.75
HK.03908,70.0,36,1,2,0.7
HK.03913,15.0,28,1,6,0.75
HK.03918,26.0,29,1,11,0.65
HK.03919,7.0,8,0,0,0.85
HK.03928,97.0,86,0,0,0.2
HK.03931,14.0,10,1,11,0.55
HK.03933,31.0,37,1,22,1.0
HK.03938,94.0,39,1,1,0.8
HK.03939,93.0,96,0,0,0.0
HK.03958,59.0,74,0,0,0.4
HK.03963,19.0,24,0,0,0.95
HK.03968,76.0,79,0,0,0.35
HK.03969,58.0,51,1,16,0.95
HK.03978,17.0,10,1,10,0.8
HK.03983,39.0,31,1,14,0.75
HK.03986,,10,1,16,0.95
HK.03988,86.0,84,0,0,0.05
HK.03989,52.0,39,1,1,0.85
HK.03990,17.0,24,0,0,0.95
HK.03991,7.0,10,1,63,1.0
HK.03993,77.0,70,0,0,0.65
HK.03996,43.0,38,1,51,1.0
HK.03997,82.0,1,1,43,1.0
HK.03998,72.0,61,0,0,0.85
HK.03999,73.0,87,0,0,0.25
HK.06030,62.0,38,1,2,0.65
HK.06031,,52,0,0,0.7
HK.06033,35.0,33,0,0,0.7
HK.06036,94.0,7,1,13,0.65
HK.06038,91.0,93,0,0,0.25
HK.06049,49.0,63,0,0,0.4
HK.06051,5.0,9,1,42,1.0
HK.06055,32.0,76,1,1,0.25
HK.06058,73.0,45,1,1,0.1
HK.06060,37.0,72,0,0,0.3
HK.06063,98.0,91,0,0,0.5
HK.06066,61.0,59,1,1,0.55
HK.06068,18.0,38,1,5,0.9
HK.06069,15.0,16,1,15,0.95
HK.06078,54.0,78,0,0,0.45
HK.06080,43.0,6,1,10,0.8
HK.06082,,21,1,1,0.5
HK.06083,89.0,68,0,0,0.85
HK.06086,3.0,46,0,0,0.65
HK.06088,45.0,11,1,1,0.8
HK.06090,,91,0,0,0.25
HK.06093,43.0,20,1,26,1.0
HK.06098,61.0,67,0,0,0.4
HK.06099,72.0,48,1,1,0.55
HK.06100,42.0,88,0,0,0.35
HK.06108,68.0,90,0,0,0.1
HK.06110,2.0,4,1,58,1.0
HK.06113,15.0,28,1,1,0.45
HK.06117,34.0,30,1,9,0.8
HK.06118,35.0,62,0,0,0.55
HK.06119,52.0,56,0,0,0.75
HK.06123,43.0,22,1,15,0.75
HK.06127,86.0,68,1,7,0.5
HK.06128,10.0,62,0,0,0.6
HK.06133,74.0,56,0,0,0.75
HK.06136,90.0,54,0,0,0.45
HK.06138,47.0,60,0,0,0.65
HK.06158,85.0,97,1,1,0.2
HK.06160,83.0,83,1,2,0.2
HK.06162,1.0,1,1,26,1.0
HK.06163,95.0,89,0,0,0.1
HK.06166,,93,0,0,0.2
HK.06168,7.0,19,1,9,0.8
HK.06169,29.0,51,1,2,0.65
HK.06178,49.0,64,1,1,0.55
HK.06181,17.0,44,0,0,0.3
HK.06182,54.0,12,1,2,0.7
HK.06185,58.0,91,0,0,0.1
HK.06186,30.0,18,1,9,0.75
HK.06188,18.0,1,1,19,0.95
HK.06189,64.0,56,0,0,0.75
HK.06190,86.0,51,1,5,0.3
HK.06193,90.0,85,0,0,0.45
HK.06196,36.0,62,0,0,0.5
HK.06198,75.0,82,0,0,0.35
HK.06199,49.0,52,0,0,0.5
HK.06600,,2,1,15,0.85
HK.06601,68.0,71,0,0,0.15
HK.06603,1.0,3,1,118,1.0
HK.06608,14.0,48,1,4,0.25
HK.06609,72.0,69,0,0,0.5
HK.06610,10.0,90,0,0,0.1
HK.06611,64.0,56,0,0,0.75
HK.06613,53.0,71,1,1,0.2
HK.06616,91.0,94,0,0,0.0
HK.06618,27.0,36,1,16,0.8
HK.06622,32.0,41,0,0,0.65
HK.06623,64.0,56,0,0,0.75
HK.06626,59.0,87,0,0,0.35
HK.06628,4.0,11,1,8,0.7
HK.06633,78.0,82,0,0,0.05
HK.06636,,11,1,8,0.45
HK.06639,58.0,56,0,0,0.75
HK.06651,,5,1,6,0.8
HK.06655,81.0,91,0,0,0.25
HK.06656,,42,1,2,0.25
HK.06657,37.0,31,1,3,0.4
HK.06660,12.0,77,0,0,0.4
HK.06661,66.0,52,0,0,0.75
HK.06663,40.0,11,1,3,0.85
HK.06666,70.0,87,0,0,0.0
HK.06667,67.0,69,0,0,0.55
HK.06668,75.0,77,0,0,0.3
HK.06669,8.0,5,1,44,1.0
HK.06676,14.0,68,1,3,0.35
HK.06677,22.0,28,1,4,0.9
HK.06680,34.0,29,1,7,0.7
HK.06681,2.0,10,1,77,1.0
HK.06682,29.0,53,0,0,0.6
HK.06683,8.0,13,1,14,0.9
HK.06686,41.0,23,1,16,0.85
HK.06687,,25,1,4,0.45
HK.06690,55.0,72,0,0,0.25
HK.06693,89.0,92,0,0,0.0
HK.06696,97.0,56,0,0,0.75
HK.06698,32.0,36,1,7,0.8
HK.06699,90.0,88,0,0,0.3
HK.06805,81.0,33,0,0,0.55
HK.06806,48.0,59,1,1,0.6
HK.06808,25.0,32,1,30,1.0
HK.06809,,29,0,0,0.75
HK.06810,,4,1,5,0.7
HK.06811,90.0,94,0,0,0.0
HK.06812,81.0,35,0,0,0.8
HK.06816,48.0,22,1,17,0.85
HK.06818,41.0,31,1,11,0.95
HK.06820,26.0,13,1,18,0.95
HK.06821,93.0,91,0,0,0.2
HK.06822,55.0,48,1,2,0.8
HK.06823,75.0,66,0,0,0.9
HK.06826,31.0,66,0,0,0.35
HK.06828,65.0,85,0,0,0.3
HK.06829,85.0,94,0,0,0.4
HK.06830,36.0,28,1,20,1.0
HK.06831,32.0,8,1,13,0.65
HK.06833,40.0,37,1,5,0.75
HK.06838,66.0,73,0,0,0.6
HK.06839,11.0,11,1,8,0.8
HK.06855,23.0,39,0,0,0.6
HK.06858,42.0,46,1,3,0.3
HK.06860,9.0,12,1,3,0.8
HK.06862,43.0,66,0,0,0.6
HK.06865,21.0,26,1,15,0.75
HK.06866,44.0,25,1,6,0.7
HK.06868,57.0,54,1,3,0.75
HK.06869,95.0,85,0,0,0.15
HK.06871,,37,1,15,0.75
HK.06872,,10,1,8,0.55
HK.06877,16.0,38,0,0,0.2
HK.06878,64.0,56,0,0,0.75
HK.06881,44.0,67,1,1,0.35
HK.06882,70.0,59,1,7,0.35
HK.06883,65.0,56,0,0,0.75
HK.06885,6.0,10,1,13,0.65
HK.06886,72.0,75,0,0,0.3
HK.06887,49.0,65,1,3,0.15
HK.06888,11.0,3,1,17,0.95
HK.06889,59.0,69,1,2,0.3
HK.06890,95.0,91,0,0,0.4
HK.06893,60.0,89,0,0,0.0
HK.06896,17.0,2,1,15,0.75
HK.06898,49.0,15,1,14,0.75
HK.06899,68.0,56,0,0,0.75
HK.06908,12.0,7,1,13,0.85
HK.06909,11.0,14,1,15,0.9
HK.06911,56.0,65,0,0,0.85
HK.06913,4.0,5,1,43,1.0
HK.06918,46.0,67,0,0,0.9
HK.06919,41.0,76,0,0,0.5
HK.06922,5.0,2,1,87,1.0
HK.06928,23.0,24,0,0,0.85
HK.06929,60.0,63,1,3,0.25
HK.06933,94.0,25,1,3,0.6
HK.06936,46.0,43,1,7,0.95
HK.06938,,86,0,0,0.2
HK.06939,86.0,5,1,41,1.0
HK.06955,3.0,1,1,38,1.0
HK.06958,41.0,74,0,0,0.55
HK.06959,13.0,26,1,8,0.75
HK.06960,2.0,6,1,8,0.55
HK.06963,78.0,84,0,0,0.65
HK.06966,83.0,88,0,0,0.05
HK.06968,55.0,4,1,19,0.95
HK.06969,46.0,88,0,0,0.05
HK.06978,1.0,17,0,0,0.9
HK.06979,53.0,70,0,0,0.65
HK.06980,,97,0,0,0.0
HK.06988,45.0,96,0,0,0.9
HK.06989,20.0,72,0,0,0.7
HK.06990,82.0,53,1,8,0.45
HK.06993,87.0,91,0,0,0.05
HK.06996,42.0,14,1,17,0.85
HK.06998,,40,0,0,0.75
HK.06999,59.0,56,0,0,0.75
HK.07489,,6,1,12,0.95
HK.07618,,64,1,6,0.6
HK.07630,,9,1,2,0.6
HK.07666,,96,0,0,0.2
HK.07688,,21,0,0,0.7
HK.09600,14.0,38,1,3,0.7
HK.09606,27.0,34,1,7,0.85
HK.09608,40.0,83,0,0,0.1
HK.09609,,24,1,7,0.9
HK.09611,,30,1,1,0.6
HK.09616,44.0,51,0,0,0.75
HK.09618,60.0,22,1,20,1.0
HK.09626,19.0,15,1,21,1.0
HK.09633,50.0,43,1,6,0.65
HK.09636,30.0,64,0,0,0.75
HK.09638,82.0,67,0,0,0.2
HK.09639,32.0,50,1,5,0.3
HK.09658,28.0,37,1,9,0.45
HK.09660,15.0,25,1,16,0.8
HK.09663,8.0,19,1,5,0.95
HK.09668,59.0,75,0,0,0.25
HK.09669,12.0,25,1,3,0.85
HK.09676,22.0,81,1,1,0.05
HK.09677,77.0,79,0,0,0.45
HK.09678,1.0,82,0,0,0.65
HK.09680,45.0,78,0,0,0.05
HK.09686,68.0,79,0,0,0.55
HK.09688,87.0,93,0,0,0.0
HK.09689,77.0,3,1,15,0.85
HK.09690,38.0,62,0,0,0.6
HK.09696,27.0,33,1,3,0.35
HK.09698,45.0,42,1,7,0.55
HK.09699,36.0,71,0,0,0.55
HK.09857,57.0,85,0,0,0.0
HK.09858,83.0,91,0,0,0.3
HK.09860,44.0,75,0,0,0.2
HK.09863,27.0,24,1,10,0.5
HK.09866,13.0,4,1,40,1.0
HK.09868,9.0,11,1,38,1.0
HK.09869,86.0,10,1,31,1.0
HK.09876,23.0,75,0,0,0.6
HK.09877,51.0,53,0,0,0.5
HK.09878,43.0,46,1,11,0.55
HK.09879,84.0,70,0,0,0.4
HK.09880,24.0,28,0,0,0.6
HK.09881,79.0,56,0,0,0.75
HK.09882,69.0,6,1,20,1.0
HK.09885,28.0,59,0,0,0.4
HK.09886,51.0,46,1,1,0.35
HK.09887,80.0,79,1,6,0.3
HK.09888,34.0,8,1,24,1.0
HK.09889,55.0,38,1,46,1.0
HK.09890,16.0,23,1,1,0.6
HK.09893,89.0,20,1,48,1.0
HK.09896,6.0,5,1,27,1.0
HK.09898,21.0,14,1,25,1.0
HK.09899,8.0,4,1,22,1.0
HK.09900,86.0,23,1,5,0.55
HK.09901,83.0,84,0,0,0.2
HK.09903,,3,1,31,1.0
HK.09906,61.0,56,0,0,0.75
HK.09908,55.0,27,1,4,0.9
HK.09909,32.0,20,1,11,0.95
HK.09911,58.0,69,0,0,0.5
HK.09913,47.0,32,1,15,0.75
HK.09916,68.0,52,0,0,0.35
HK.09918,54.0,66,0,0,0.1
HK.09919,41.0,64,0,0,0.5
HK.09922,12.0,20,1,17,0.95
HK.09923,7.0,12,1,12,0.9
HK.09926,46.0,49,0,0,0.65
HK.09927,,7,1,28,1.0
HK.09928,58.0,50,1,5,0.8
HK.09929,99.0,37,1,11,0.7
HK.09930,26.0,77,0,0,0.4
HK.09933,56.0,62,1,1,0.45
HK.09936,89.0,37,1,5,0.35
HK.09938,93.0,86,0,0,0.5
HK.09939,29.0,37,0,0,0.5
HK.09955,10.0,35,0,0,0.65
HK.09958,16.0,23,1,3,0.75
HK.09959,67.0,78,1,4,0.2
HK.09960,35.0,33,1,3,0.65
HK.09961,23.0,26,1,6,0.8
HK.09963,99.0,93,0,0,0.05
HK.09966,72.0,76,1,1,0.1
HK.09968,94.0,97,0,0,0.05
HK.09969,84.0,82,0,0,0.3
HK.09973,,35,1,8,0.65
HK.09978,99.0,99,0,0,0.0
HK.09979,45.0,84,0,0,0.35
HK.09980,,16,1,10,0.75
HK.09981,,14,1,19,0.95
HK.09982,48.0,53,0,0,0.7
HK.09983,4.0,14,1,15,0.8
HK.09985,28.0,50,1,8,0.6
HK.09986,72.0,56,0,0,0.75
HK.09987,56.0,41,1,10,0.5
HK.09988,43.0,26,1,13,0.65
HK.09989,46.0,43,1,7,0.65
HK.09990,66.0,14,1,17,0.9
HK.09991,71.0,49,0,0,0.35
HK.09992,23.0,54,0,0,0.75
HK.09993,17.0,23,1,2,0.3
HK.09995,62.0,41,1,3,0.85
HK.09996,57.0,80,0,0,0.05
HK.09998,82.0,80,0,0,0.2
HK.09999,57.0,31,1,10,0.95
